AGL	API5
AGL	ARF4
AGL	ARPC5
AGL	BCAP31
AGL	CD81
AGL	CISD2
AGL	COPZ1
AGL	CYSTM1
AGL	DCTN3
AGL	EEF1D
AGL	FUNDC2
AGL	IDH2
AGL	IDH3B
AGL	LAMTOR1
AGL	MRAS
AGL	MYL6
AGL	SNU13
AGL	NME3
AGL	OAT
AGL	PGRMC2
AGL	PLGRKT
AGL	PSIP1
AGL	PSMD8
AGL	PTPMT1
AGL	RAB11B
AGL	RAB18
AGL	RAB7A
AGL	RAP1B
AGL	REEP6
AGL	RPL10A
AGL	RPL11
AGL	RPL22
AGL	RPL27
AGL	RPL31
AGL	RPL35
AGL	RPL35A
AGL	RPL7
AGL	RPL9
AGL	RPS13
AGL	RPS14
AGL	RPS15A
AGL	RPS16
AGL	RPS18
AGL	RPS19
AGL	RPS2
AGL	RPS4X
AGL	RPS7
AGL	RPS9
AGL	S100B
AGL	SAR1A
AGL	SEC22B
AGL	SEC61B
AGL	SEPTIN7
AGL	SKP1
AGL	SLC25A1
AGL	SNRPD1
AGL	SNRPD2
AGL	SNRPD3
AGL	SNRPE
AGL	SNX3
AGL	SRSF7
AGL	SSR4
AGL	SYNGR2
AGL	TMED10
AGL	TMED5
AGL	TMED9
AGL	TMEM109
AGL	TSN
API5	ARPC5
API5	BCAP31
API5	CISD2
API5	DCTN3
API5	DIABLO
API5	FUNDC2
API5	LAMTOR1
API5	SNU13
API5	NME3
API5	OAT
API5	PDCD10
API5	PGRMC2
API5	PLGRKT
API5	PSIP1
API5	PSMD8
API5	RAB11B
API5	RAB7A
API5	RAP1B
API5	REEP6
API5	RPL10A
API5	RPL11
API5	RPL13
API5	RPL13A
API5	RPL14
API5	RPL18
API5	RPL22
API5	RPL27
API5	RPL31
API5	RPL35
API5	RPL35A
API5	RPL36
API5	RPL7
API5	RPL7A
API5	RPL8
API5	RPL9
API5	RPS13
API5	RPS14
API5	RPS15A
API5	RPS16
API5	RPS18
API5	RPS19
API5	RPS2
API5	RPS4X
API5	RPS6
API5	RPS7
API5	RPS8
API5	RPS9
API5	SAR1A
API5	SEC22B
API5	SEC61B
API5	SKP1
API5	SNRPD1
API5	SNRPD2
API5	SNRPD3
API5	SNRPE
API5	SNX3
API5	SRSF7
API5	TMED9
API5	TMEM109
APOD	ARF4
APOD	ARPC5
APOD	BCAP31
APOD	A0A087X082
APOD	CCT5
APOD	CD81
APOD	CISD2
APOD	COPZ1
APOD	CYB5R3
APOD	CYSTM1
APOD	EEF1D
APOD	FH
APOD	GFM1
APOD	IDH2
APOD	IDH3A
APOD	IDH3B
APOD	KPNA4
APOD	LAMTOR1
APOD	MIEN1
APOD	MMUT
APOD	MYL6
APOD	SNU13
APOD	NME3
APOD	E5KLJ5
APOD	PLGRKT
APOD	PTPMT1
APOD	RAB11B
APOD	RAB18
APOD	RAB7A
APOD	RAP1B
APOD	REEP6
APOD	RHOG
APOD	RPL10A
APOD	RPL11
APOD	RPL14
APOD	RPL22
APOD	RPL27
APOD	RPL35
APOD	RPL35A
APOD	RPL9
APOD	RPS13
APOD	RPS14
APOD	RPS15A
APOD	RPS16
APOD	RPS18
APOD	RPS3
APOD	RPS4X
APOD	RPS6
APOD	RPS7
APOD	S100B
APOD	SEC61B
APOD	SEPTIN7
APOD	SKP1
APOD	SLC25A1
APOD	SNRPD1
APOD	SNRPD2
APOD	SNRPD3
APOD	SNRPE
APOD	SNX3
APOD	SSR4
APOD	SYNGR2
APOD	TMED10
APOD	TMED5
APOD	TMEM109
APOD	TSN
APOD	UFL1
ARF4	ARPC5
ARF4	BCAP31
ARF4	A0A087X082
ARF4	CCT5
ARF4	CD81
ARF4	CISD2
ARF4	COPZ1
ARF4	CTTN
ARF4	CYB5R3
ARF4	CYSTM1
ARF4	DCTN3
ARF4	DIABLO
ARF4	EEF1D
ARF4	FH
ARF4	FUNDC2
ARF4	GFM1
ARF4	IDH2
ARF4	IDH3A
ARF4	IDH3B
ARF4	KPNA4
ARF4	LAMTOR1
ARF4	LRRC47
ARF4	MIEN1
ARF4	MRAS
ARF4	MMUT
ARF4	MYL6
ARF4	SNU13
ARF4	NME3
ARF4	OAT
ARF4	OLA1
ARF4	E5KLJ5
ARF4	PGRMC2
ARF4	PLGRKT
ARF4	PSIP1
ARF4	PSMD8
ARF4	PTP4A1
ARF4	PTPMT1
ARF4	RAB11B
ARF4	RAB18
ARF4	RAB7A
ARF4	RAP1B
ARF4	REEP6
ARF4	RHOG
ARF4	RPL10A
ARF4	RPL11
ARF4	RPL14
ARF4	RPL22
ARF4	RPL23A
ARF4	RPL27
ARF4	RPL31
ARF4	RPL35
ARF4	RPL35A
ARF4	RPL7
ARF4	RPL8
ARF4	RPL9
ARF4	RPLP2
ARF4	RPS13
ARF4	RPS14
ARF4	RPS15A
ARF4	RPS16
ARF4	RPS18
ARF4	RPS19
ARF4	RPS2
ARF4	RPS3
ARF4	RPS4X
ARF4	RPS6
ARF4	RPS7
ARF4	RPS8
ARF4	RPS9
ARF4	S100B
ARF4	SAR1A
ARF4	SEC61B
ARF4	SEPTIN7
ARF4	SKP1
ARF4	SLC25A1
ARF4	SNRPD1
ARF4	SNRPD2
ARF4	SNRPD3
ARF4	SNRPE
ARF4	SNX3
ARF4	SRSF7
ARF4	SSR4
ARF4	SURF1
ARF4	SYNGR2
ARF4	TMED10
ARF4	TMED5
ARF4	TMED9
ARF4	TMEM109
ARF4	TSN
ARF4	UFL1
ARPC5	BCAP31
ARPC5	A0A087X082
ARPC5	CD81
ARPC5	CISD2
ARPC5	COPZ1
ARPC5	CTTN
ARPC5	CYSTM1
ARPC5	DCTN3
ARPC5	DIABLO
ARPC5	EEF1D
ARPC5	FUNDC2
ARPC5	IDH2
ARPC5	IDH3A
ARPC5	IDH3B
ARPC5	KPNA4
ARPC5	LAMTOR1
ARPC5	LRRC47
ARPC5	MIEN1
ARPC5	MRAS
ARPC5	MYL6
ARPC5	SNU13
ARPC5	NME3
ARPC5	OAT
ARPC5	PGRMC2
ARPC5	PLGRKT
ARPC5	PSIP1
ARPC5	PSMD8
ARPC5	PTP4A1
ARPC5	PTPMT1
ARPC5	RAB11B
ARPC5	RAB18
ARPC5	RAB7A
ARPC5	RAP1B
ARPC5	REEP6
ARPC5	RHOG
ARPC5	RPL10A
ARPC5	RPL11
ARPC5	RPL13
ARPC5	RPL14
ARPC5	RPL18
ARPC5	RPL22
ARPC5	RPL23A
ARPC5	RPL24
ARPC5	RPL27
ARPC5	RPL31
ARPC5	RPL35
ARPC5	RPL35A
ARPC5	RPL36
ARPC5	RPL7
ARPC5	RPL7A
ARPC5	RPL8
ARPC5	RPL9
ARPC5	RPLP2
ARPC5	RPS13
ARPC5	RPS14
ARPC5	RPS15A
ARPC5	RPS16
ARPC5	RPS18
ARPC5	RPS19
ARPC5	RPS2
ARPC5	RPS3
ARPC5	RPS4X
ARPC5	RPS6
ARPC5	RPS7
ARPC5	RPS8
ARPC5	RPS9
ARPC5	S100B
ARPC5	SAR1A
ARPC5	SEC22B
ARPC5	SEC61B
ARPC5	SEPTIN7
ARPC5	SKP1
ARPC5	SLC25A1
ARPC5	SNRPD1
ARPC5	SNRPD2
ARPC5	SNRPD3
ARPC5	SNRPE
ARPC5	SNX3
ARPC5	SRSF7
ARPC5	SSR4
ARPC5	SURF1
ARPC5	SYNGR2
ARPC5	TMED10
ARPC5	TMED5
ARPC5	TMED9
ARPC5	TMEM109
ARPC5	TSN
BCAP31	A0A087X082
BCAP31	CD81
BCAP31	CISD2
BCAP31	COPZ1
BCAP31	CTTN
BCAP31	CYB5R3
BCAP31	CYSTM1
BCAP31	DCTN3
BCAP31	DIABLO
BCAP31	EEF1D
BCAP31	FH
BCAP31	FUNDC2
BCAP31	IDH3B
BCAP31	LAMTOR1
BCAP31	LRRC47
BCAP31	MIEN1
BCAP31	MRAS
BCAP31	MYL6
BCAP31	SNU13
BCAP31	NME3
BCAP31	OAT
BCAP31	OLA1
BCAP31	PDCD10
BCAP31	PGRMC2
BCAP31	PLGRKT
BCAP31	PSIP1
BCAP31	PSMD8
BCAP31	PTP4A1
BCAP31	PTPMT1
BCAP31	RAB11B
BCAP31	RAB18
BCAP31	RAB7A
BCAP31	RAP1B
BCAP31	REEP6
BCAP31	RHOG
BCAP31	RPL10A
BCAP31	RPL11
BCAP31	RPL14
BCAP31	RPL22
BCAP31	RPL23A
BCAP31	RPL27
BCAP31	RPL31
BCAP31	RPL35A
BCAP31	RPL7
BCAP31	RPL9
BCAP31	RPS13
BCAP31	RPS14
BCAP31	RPS15A
BCAP31	RPS16
BCAP31	RPS18
BCAP31	RPS19
BCAP31	RPS2
BCAP31	RPS4X
BCAP31	RPS6
BCAP31	RPS7
BCAP31	RPS9
BCAP31	S100B
BCAP31	SAR1A
BCAP31	SEC22B
BCAP31	SEC61B
BCAP31	SKP1
BCAP31	SLC25A1
BCAP31	SNRPD1
BCAP31	SNRPD2
BCAP31	SNRPD3
BCAP31	SNRPE
BCAP31	SNX3
BCAP31	SRSF7
BCAP31	SSR4
BCAP31	SURF1
BCAP31	SYNGR2
BCAP31	TMED10
BCAP31	TMED5
BCAP31	TMED9
BCAP31	TMEM109
BCAP31	TSN
A0A087X082	CD81
A0A087X082	COPZ1
A0A087X082	CTTN
A0A087X082	CYB5R3
A0A087X082	DCTN3
A0A087X082	DIABLO
A0A087X082	EEF1D
A0A087X082	FH
A0A087X082	FUNDC2
A0A087X082	IDH2
A0A087X082	IDH3A
A0A087X082	IDH3B
A0A087X082	LAMTOR1
A0A087X082	MRAS
A0A087X082	MYL6
A0A087X082	SNU13
A0A087X082	NME3
A0A087X082	OAT
A0A087X082	OLA1
A0A087X082	E5KLJ5
A0A087X082	PGRMC2
A0A087X082	PLGRKT
A0A087X082	PSMD8
A0A087X082	PTP4A1
A0A087X082	PTPMT1
A0A087X082	RAB11B
A0A087X082	RAB18
A0A087X082	RAB7A
A0A087X082	RAP1B
A0A087X082	REEP6
A0A087X082	RPL10A
A0A087X082	RPL11
A0A087X082	RPL22
A0A087X082	RPL27
A0A087X082	RPL35A
A0A087X082	RPL7
A0A087X082	RPL9
A0A087X082	RPS13
A0A087X082	RPS14
A0A087X082	RPS15A
A0A087X082	RPS16
A0A087X082	RPS18
A0A087X082	RPS2
A0A087X082	RPS3
A0A087X082	RPS4X
A0A087X082	RPS6
A0A087X082	RPS7
A0A087X082	RPS9
A0A087X082	S100B
A0A087X082	SEC61B
A0A087X082	SKP1
A0A087X082	SLC25A1
A0A087X082	SNRPD1
A0A087X082	SNRPD2
A0A087X082	SNRPD3
A0A087X082	SNRPE
A0A087X082	SNX3
A0A087X082	SRSF7
A0A087X082	SSR4
A0A087X082	TMED10
A0A087X082	TMED5
A0A087X082	TMED9
A0A087X082	TMEM109
A0A087X082	TSN
A0A087X082	UFL1
CCT5	CISD2
CCT5	EEF1D
CCT5	GFM1
CCT5	IDH3B
CCT5	KPNA4
CCT5	LAMTOR1
CCT5	MYL6
CCT5	PLGRKT
CCT5	RAB11B
CCT5	RPL35A
CCT5	S100B
CCT5	SEC61B
CCT5	SEPTIN7
CCT5	SLC25A1
CCT5	SNRPD1
CCT5	SNRPD2
CCT5	SNRPE
CCT5	SSR4
CCT5	SYNGR2
CCT5	TMED10
CCT5	TMEM109
CCT5	TSN
CD81	COPZ1
CD81	CTTN
CD81	CYB5R3
CD81	CYSTM1
CD81	DCTN3
CD81	DIABLO
CD81	EEF1D
CD81	FH
CD81	FUNDC2
CD81	GFM1
CD81	IDH2
CD81	IDH3A
CD81	IDH3B
CD81	KPNA4
CD81	LAMTOR1
CD81	LRRC47
CD81	MIEN1
CD81	MRAS
CD81	MMUT
CD81	MYL6
CD81	SNU13
CD81	NME3
CD81	OLA1
CD81	E5KLJ5
CD81	PLGRKT
CD81	PSMD8
CD81	PTP4A1
CD81	PTPMT1
CD81	RAB11B
CD81	RAB18
CD81	RAB7A
CD81	RAP1B
CD81	REEP6
CD81	RHOG
CD81	RPL10A
CD81	RPL11
CD81	RPL22
CD81	RPL27
CD81	RPL35A
CD81	RPL7
CD81	RPL9
CD81	RPS13
CD81	RPS14
CD81	RPS15A
CD81	RPS16
CD81	RPS18
CD81	RPS2
CD81	RPS3
CD81	RPS4X
CD81	RPS6
CD81	RPS7
CD81	S100B
CD81	SEC61B
CD81	SEPTIN7
CD81	SKP1
CD81	SLC25A1
CD81	SNRPD1
CD81	SNRPD2
CD81	SNRPD3
CD81	SNRPE
CD81	SNX3
CD81	SRSF7
CD81	SSR4
CD81	SYNGR2
CD81	TMED10
CD81	TMED5
CD81	TMED9
CD81	TMEM109
CD81	TSN
CD81	UFL1
CISD2	COPZ1
CISD2	CYB5R3
CISD2	CYSTM1
CISD2	DCTN3
CISD2	EEF1D
CISD2	FH
CISD2	FUNDC2
CISD2	IDH3B
CISD2	KPNA4
CISD2	LAMTOR1
CISD2	MYL6
CISD2	SNU13
CISD2	NME3
CISD2	OAT
CISD2	PGRMC2
CISD2	PLGRKT
CISD2	PSIP1
CISD2	PSMD8
CISD2	PTPMT1
CISD2	RAB11B
CISD2	RAB18
CISD2	RAB7A
CISD2	RAP1B
CISD2	REEP6
CISD2	RPL10A
CISD2	RPL11
CISD2	RPL13
CISD2	RPL14
CISD2	RPL22
CISD2	RPL27
CISD2	RPL31
CISD2	RPL35
CISD2	RPL35A
CISD2	RPL36
CISD2	RPL7
CISD2	RPL9
CISD2	RPLP2
CISD2	RPS13
CISD2	RPS14
CISD2	RPS15A
CISD2	RPS16
CISD2	RPS18
CISD2	RPS19
CISD2	RPS2
CISD2	RPS4X
CISD2	RPS7
CISD2	RPS9
CISD2	S100B
CISD2	SAR1A
CISD2	SEC22B
CISD2	SEC61B
CISD2	SEPTIN7
CISD2	SKP1
CISD2	SLC25A1
CISD2	SNRPD1
CISD2	SNRPD2
CISD2	SNRPD3
CISD2	SNRPE
CISD2	SNX3
CISD2	SRSF7
CISD2	SSR4
CISD2	SURF1
CISD2	SYNGR2
CISD2	TMED10
CISD2	TMED5
CISD2	TMED9
CISD2	TMEM109
CISD2	TSN
COPZ1	CTTN
COPZ1	CYB5R3
COPZ1	CYSTM1
COPZ1	DCTN3
COPZ1	DIABLO
COPZ1	EEF1D
COPZ1	FH
COPZ1	FUNDC2
COPZ1	GFM1
COPZ1	IDH2
COPZ1	IDH3A
COPZ1	IDH3B
COPZ1	KPNA4
COPZ1	LAMTOR1
COPZ1	LRRC47
COPZ1	MIEN1
COPZ1	MRAS
COPZ1	MYL6
COPZ1	SNU13
COPZ1	NME3
COPZ1	OAT
COPZ1	OLA1
COPZ1	E5KLJ5
COPZ1	PGRMC2
COPZ1	PLGRKT
COPZ1	PSIP1
COPZ1	PSMD8
COPZ1	PTP4A1
COPZ1	PTPMT1
COPZ1	RAB11B
COPZ1	RAB18
COPZ1	RAB7A
COPZ1	RAP1B
COPZ1	REEP6
COPZ1	RHOG
COPZ1	RPL10A
COPZ1	RPL11
COPZ1	RPL14
COPZ1	RPL22
COPZ1	RPL23A
COPZ1	RPL27
COPZ1	RPL31
COPZ1	RPL35
COPZ1	RPL35A
COPZ1	RPL7
COPZ1	RPL9
COPZ1	RPLP2
COPZ1	RPS13
COPZ1	RPS14
COPZ1	RPS15A
COPZ1	RPS16
COPZ1	RPS18
COPZ1	RPS19
COPZ1	RPS2
COPZ1	RPS3
COPZ1	RPS4X
COPZ1	RPS6
COPZ1	RPS7
COPZ1	RPS8
COPZ1	RPS9
COPZ1	S100B
COPZ1	SAR1A
COPZ1	SEC22B
COPZ1	SEC61B
COPZ1	SEPTIN7
COPZ1	SKP1
COPZ1	SLC25A1
COPZ1	SNRPD1
COPZ1	SNRPD2
COPZ1	SNRPD3
COPZ1	SNRPE
COPZ1	SNX3
COPZ1	SRSF7
COPZ1	SSR4
COPZ1	SURF1
COPZ1	SYNGR2
COPZ1	TMED10
COPZ1	TMED5
COPZ1	TMED9
COPZ1	TMEM109
COPZ1	TSN
COPZ1	UFL1
CTTN	DCTN3
CTTN	LAMTOR1
CTTN	LRRC47
CTTN	MRAS
CTTN	MYL6
CTTN	PGRMC2
CTTN	PLGRKT
CTTN	PSMD8
CTTN	RAB11B
CTTN	RAB18
CTTN	RAB7A
CTTN	RAP1B
CTTN	RPL10A
CTTN	RPL11
CTTN	RPL22
CTTN	RPL27
CTTN	RPL35A
CTTN	RPL7
CTTN	RPS13
CTTN	RPS14
CTTN	RPS15A
CTTN	RPS16
CTTN	RPS18
CTTN	RPS2
CTTN	RPS4X
CTTN	RPS7
CTTN	S100B
CTTN	SAR1A
CTTN	SEC22B
CTTN	SEC61B
CTTN	SKP1
CTTN	SLC25A1
CTTN	SNRPD1
CTTN	SNRPD2
CTTN	SNRPD3
CTTN	SNRPE
CTTN	SNX3
CTTN	SRSF7
CTTN	SSR4
CTTN	TMED9
CTTN	TMEM109
CTTN	TSN
CYB5R3	CYSTM1
CYB5R3	DIABLO
CYB5R3	EEF1D
CYB5R3	FH
CYB5R3	FUNDC2
CYB5R3	GFM1
CYB5R3	IDH2
CYB5R3	IDH3A
CYB5R3	IDH3B
CYB5R3	KPNA4
CYB5R3	LAMTOR1
CYB5R3	LRRC47
CYB5R3	MRAS
CYB5R3	MMUT
CYB5R3	MYL6
CYB5R3	SNU13
CYB5R3	NME3
CYB5R3	OAT
CYB5R3	OLA1
CYB5R3	E5KLJ5
CYB5R3	PGRMC2
CYB5R3	PLGRKT
CYB5R3	PSMD8
CYB5R3	PTP4A1
CYB5R3	PTPMT1
CYB5R3	RAB11B
CYB5R3	RAB18
CYB5R3	RAB7A
CYB5R3	REEP6
CYB5R3	RHOG
CYB5R3	RPL10A
CYB5R3	RPL11
CYB5R3	RPL14
CYB5R3	RPL22
CYB5R3	RPL27
CYB5R3	RPL35A
CYB5R3	RPL7
CYB5R3	RPL8
CYB5R3	RPL9
CYB5R3	RPS13
CYB5R3	RPS14
CYB5R3	RPS15A
CYB5R3	RPS16
CYB5R3	RPS18
CYB5R3	RPS2
CYB5R3	RPS3
CYB5R3	RPS4X
CYB5R3	RPS6
CYB5R3	RPS7
CYB5R3	RPS8
CYB5R3	S100B
CYB5R3	SEC61B
CYB5R3	SEPTIN7
CYB5R3	SKP1
CYB5R3	SLC25A1
CYB5R3	SNRPD1
CYB5R3	SNX3
CYB5R3	SSR4
CYB5R3	TMED10
CYB5R3	TMED5
CYB5R3	TMED9
CYB5R3	TSN
CYB5R3	UFL1
CYSTM1	DCTN3
CYSTM1	EEF1D
CYSTM1	FH
CYSTM1	FUNDC2
CYSTM1	IDH3B
CYSTM1	LAMTOR1
CYSTM1	MRAS
CYSTM1	MYL6
CYSTM1	SNU13
CYSTM1	NME3
CYSTM1	PDCD10
CYSTM1	PGRMC2
CYSTM1	PLGRKT
CYSTM1	PSIP1
CYSTM1	PSMD8
CYSTM1	PTPMT1
CYSTM1	RAB11B
CYSTM1	RAB18
CYSTM1	RAB7A
CYSTM1	RAP1B
CYSTM1	REEP6
CYSTM1	RPL10A
CYSTM1	RPL11
CYSTM1	RPL22
CYSTM1	RPL23A
CYSTM1	RPL27
CYSTM1	RPL31
CYSTM1	RPL35A
CYSTM1	RPL7
CYSTM1	RPS13
CYSTM1	RPS14
CYSTM1	RPS15A
CYSTM1	RPS16
CYSTM1	RPS18
CYSTM1	RPS19
CYSTM1	RPS4X
CYSTM1	RPS7
CYSTM1	RPS9
CYSTM1	S100B
CYSTM1	SAR1A
CYSTM1	SEC22B
CYSTM1	SEC61B
CYSTM1	SKP1
CYSTM1	SLC25A1
CYSTM1	SNRPD1
CYSTM1	SNRPD2
CYSTM1	SNRPD3
CYSTM1	SNRPE
CYSTM1	SNX3
CYSTM1	SRSF7
CYSTM1	SSR4
CYSTM1	SURF1
CYSTM1	SYNGR2
CYSTM1	TMED10
CYSTM1	TMED9
CYSTM1	TMEM109
CYSTM1	TSN
DCTN3	DIABLO
DCTN3	FUNDC2
DCTN3	IDH3A
DCTN3	IDH3B
DCTN3	LAMTOR1
DCTN3	LRRC47
DCTN3	MIEN1
DCTN3	MRAS
DCTN3	MYL6
DCTN3	SNU13
DCTN3	NME3
DCTN3	OAT
DCTN3	OLA1
DCTN3	PDCD10
DCTN3	PGRMC2
DCTN3	PLGRKT
DCTN3	PSIP1
DCTN3	PSMD8
DCTN3	PTP4A1
DCTN3	PTPMT1
DCTN3	RAB11B
DCTN3	RAB18
DCTN3	RAB7A
DCTN3	RAP1B
DCTN3	REEP6
DCTN3	RHOG
DCTN3	RPL10A
DCTN3	RPL11
DCTN3	RPL13
DCTN3	RPL13A
DCTN3	RPL14
DCTN3	RPL18
DCTN3	RPL22
DCTN3	RPL23A
DCTN3	RPL27
DCTN3	RPL31
DCTN3	RPL35A
DCTN3	RPL36
DCTN3	RPL7
DCTN3	RPL7A
DCTN3	RPL9
DCTN3	RPLP2
DCTN3	RPS13
DCTN3	RPS14
DCTN3	RPS15A
DCTN3	RPS16
DCTN3	RPS18
DCTN3	RPS19
DCTN3	RPS2
DCTN3	RPS3
DCTN3	RPS4X
DCTN3	RPS6
DCTN3	RPS7
DCTN3	RPS8
DCTN3	RPS9
DCTN3	SAR1A
DCTN3	SEC22B
DCTN3	SEC61B
DCTN3	SKP1
DCTN3	SNRPD1
DCTN3	SNRPD2
DCTN3	SNRPD3
DCTN3	SNRPE
DCTN3	SNX3
DCTN3	SRSF7
DCTN3	SURF1
DCTN3	SYNGR2
DCTN3	TMED10
DCTN3	TMED5
DCTN3	TMED9
DCTN3	TMEM109
DCTN3	TSN
DIABLO	FUNDC2
DIABLO	IDH2
DIABLO	IDH3A
DIABLO	IDH3B
DIABLO	LAMTOR1
DIABLO	LRRC47
DIABLO	MRAS
DIABLO	MYL6
DIABLO	SNU13
DIABLO	NME3
DIABLO	OAT
DIABLO	OLA1
DIABLO	PDCD10
DIABLO	PGRMC2
DIABLO	PLGRKT
DIABLO	PSMD8
DIABLO	PTPMT1
DIABLO	RAB11B
DIABLO	RAB18
DIABLO	RAB7A
DIABLO	RAP1B
DIABLO	REEP6
DIABLO	RPL10A
DIABLO	RPL11
DIABLO	RPL13
DIABLO	RPL14
DIABLO	RPL22
DIABLO	RPL23A
DIABLO	RPL27
DIABLO	RPL31
DIABLO	RPL35A
DIABLO	RPL7
DIABLO	RPL8
DIABLO	RPL9
DIABLO	RPS13
DIABLO	RPS14
DIABLO	RPS15A
DIABLO	RPS16
DIABLO	RPS18
DIABLO	RPS19
DIABLO	RPS2
DIABLO	RPS3
DIABLO	RPS4X
DIABLO	RPS6
DIABLO	RPS7
DIABLO	RPS8
DIABLO	RPS9
DIABLO	SAR1A
DIABLO	SEC22B
DIABLO	SEC61B
DIABLO	SKP1
DIABLO	SLC25A1
DIABLO	SNRPD1
DIABLO	SNRPD2
DIABLO	SNRPD3
DIABLO	SNRPE
DIABLO	SNX3
DIABLO	SRSF7
DIABLO	SSR4
DIABLO	TMED10
DIABLO	TMED9
DIABLO	TMEM109
DIABLO	TSN
EEF1D	FH
EEF1D	FUNDC2
EEF1D	GFM1
EEF1D	IDH2
EEF1D	IDH3A
EEF1D	IDH3B
EEF1D	KPNA4
EEF1D	LAMTOR1
EEF1D	MIEN1
EEF1D	MYL6
EEF1D	SNU13
EEF1D	NME3
EEF1D	OAT
EEF1D	E5KLJ5
EEF1D	PLGRKT
EEF1D	PSIP1
EEF1D	PTP4A1
EEF1D	PTPMT1
EEF1D	RAB11B
EEF1D	RAB18
EEF1D	RAB7A
EEF1D	RAP1B
EEF1D	REEP6
EEF1D	RHOG
EEF1D	RPL10A
EEF1D	RPL11
EEF1D	RPL14
EEF1D	RPL22
EEF1D	RPL27
EEF1D	RPL31
EEF1D	RPL35A
EEF1D	RPL7
EEF1D	RPL9
EEF1D	RPLP2
EEF1D	RPS13
EEF1D	RPS14
EEF1D	RPS15A
EEF1D	RPS16
EEF1D	RPS18
EEF1D	RPS19
EEF1D	RPS2
EEF1D	RPS3
EEF1D	RPS4X
EEF1D	RPS6
EEF1D	RPS7
EEF1D	S100B
EEF1D	SEC61B
EEF1D	SEPTIN7
EEF1D	SKP1
EEF1D	SLC25A1
EEF1D	SNRPD1
EEF1D	SNRPD2
EEF1D	SNRPD3
EEF1D	SNRPE
EEF1D	SNX3
EEF1D	SRSF7
EEF1D	SSR4
EEF1D	SYNGR2
EEF1D	TMED10
EEF1D	TMED5
EEF1D	TMED9
EEF1D	TMEM109
EEF1D	TSN
EEF1D	UFL1
FH	FUNDC2
FH	GFM1
FH	IDH2
FH	IDH3A
FH	IDH3B
FH	KPNA4
FH	LAMTOR1
FH	MYL6
FH	SNU13
FH	OLA1
FH	E5KLJ5
FH	PLGRKT
FH	PSMD8
FH	PTP4A1
FH	RAB11B
FH	RAB18
FH	RAB7A
FH	RHOG
FH	RPL10A
FH	RPL11
FH	RPL22
FH	RPL27
FH	RPL35A
FH	RPL7
FH	RPL8
FH	RPL9
FH	RPS13
FH	RPS14
FH	RPS15A
FH	RPS16
FH	RPS18
FH	RPS2
FH	RPS3
FH	RPS4X
FH	RPS6
FH	S100B
FH	SEC61B
FH	SEPTIN7
FH	SLC25A1
FH	SNRPD1
FH	SNX3
FH	SSR4
FH	TMED10
FH	TMED5
FH	TMED9
FH	TMEM109
FH	TSN
FH	UFL1
FUNDC2	IDH2
FUNDC2	IDH3A
FUNDC2	IDH3B
FUNDC2	KPNA4
FUNDC2	LAMTOR1
FUNDC2	LRRC47
FUNDC2	MIEN1
FUNDC2	MRAS
FUNDC2	MYL6
FUNDC2	SNU13
FUNDC2	NME3
FUNDC2	OAT
FUNDC2	OLA1
FUNDC2	PDCD10
FUNDC2	PGRMC2
FUNDC2	PLGRKT
FUNDC2	PSIP1
FUNDC2	PSMD8
FUNDC2	PTP4A1
FUNDC2	PTPMT1
FUNDC2	RAB11B
FUNDC2	RAB18
FUNDC2	RAB7A
FUNDC2	RAP1B
FUNDC2	REEP6
FUNDC2	RHOG
FUNDC2	RPL10A
FUNDC2	RPL11
FUNDC2	RPL13
FUNDC2	RPL14
FUNDC2	RPL22
FUNDC2	RPL23A
FUNDC2	RPL27
FUNDC2	RPL31
FUNDC2	RPL35
FUNDC2	RPL35A
FUNDC2	RPL7
FUNDC2	RPL7A
FUNDC2	RPL8
FUNDC2	RPL9
FUNDC2	RPLP2
FUNDC2	RPS13
FUNDC2	RPS14
FUNDC2	RPS15A
FUNDC2	RPS16
FUNDC2	RPS18
FUNDC2	RPS19
FUNDC2	RPS2
FUNDC2	RPS3
FUNDC2	RPS4X
FUNDC2	RPS6
FUNDC2	RPS7
FUNDC2	RPS8
FUNDC2	RPS9
FUNDC2	S100B
FUNDC2	SAR1A
FUNDC2	SEC22B
FUNDC2	SEC61B
FUNDC2	SEPTIN7
FUNDC2	SKP1
FUNDC2	SLC25A1
FUNDC2	SNRPD1
FUNDC2	SNRPD2
FUNDC2	SNRPD3
FUNDC2	SNRPE
FUNDC2	SNX3
FUNDC2	SRSF7
FUNDC2	SSR4
FUNDC2	SURF1
FUNDC2	SYNGR2
FUNDC2	TMED10
FUNDC2	TMED5
FUNDC2	TMED9
FUNDC2	TMEM109
FUNDC2	TSN
GFM1	IDH2
GFM1	IDH3B
GFM1	LAMTOR1
GFM1	MMUT
GFM1	MYL6
GFM1	E5KLJ5
GFM1	PTPMT1
GFM1	RAB11B
GFM1	RAB18
GFM1	RAB7A
GFM1	RHOG
GFM1	RPL11
GFM1	RPL22
GFM1	RPL27
GFM1	RPL35A
GFM1	RPL9
GFM1	RPS18
GFM1	S100B
GFM1	SEC61B
GFM1	SEPTIN7
GFM1	SKP1
GFM1	SLC25A1
GFM1	SNRPD1
GFM1	SNX3
GFM1	SSR4
GFM1	SYNGR2
GFM1	TMED10
GFM1	TSN
GFM1	UFL1
IDH2	IDH3A
IDH2	IDH3B
IDH2	KPNA4
IDH2	LAMTOR1
IDH2	MIEN1
IDH2	MYL6
IDH2	SNU13
IDH2	NME3
IDH2	OAT
IDH2	OLA1
IDH2	E5KLJ5
IDH2	PLGRKT
IDH2	PSMD8
IDH2	PTPMT1
IDH2	RAB11B
IDH2	RAB18
IDH2	RAB7A
IDH2	RAP1B
IDH2	REEP6
IDH2	RHOG
IDH2	RPL10A
IDH2	RPL11
IDH2	RPL22
IDH2	RPL27
IDH2	RPL31
IDH2	RPL35
IDH2	RPL35A
IDH2	RPL7
IDH2	RPL9
IDH2	RPLP2
IDH2	RPS13
IDH2	RPS14
IDH2	RPS15A
IDH2	RPS16
IDH2	RPS18
IDH2	RPS19
IDH2	RPS2
IDH2	RPS3
IDH2	RPS4X
IDH2	RPS6
IDH2	RPS7
IDH2	RPS9
IDH2	S100B
IDH2	SEC61B
IDH2	SEPTIN7
IDH2	SKP1
IDH2	SLC25A1
IDH2	SNRPD1
IDH2	SNRPD2
IDH2	SNRPD3
IDH2	SNRPE
IDH2	SNX3
IDH2	SRSF7
IDH2	SSR4
IDH2	SYNGR2
IDH2	TMED10
IDH2	TMED5
IDH2	TMEM109
IDH2	TSN
IDH3A	IDH3B
IDH3A	KPNA4
IDH3A	LAMTOR1
IDH3A	MIEN1
IDH3A	MYL6
IDH3A	SNU13
IDH3A	NME3
IDH3A	OAT
IDH3A	OLA1
IDH3A	E5KLJ5
IDH3A	PLGRKT
IDH3A	PSMD8
IDH3A	RAB11B
IDH3A	RAB18
IDH3A	RAB7A
IDH3A	RAP1B
IDH3A	REEP6
IDH3A	RPL10A
IDH3A	RPL11
IDH3A	RPL22
IDH3A	RPL27
IDH3A	RPL35
IDH3A	RPL35A
IDH3A	RPL7
IDH3A	RPL9
IDH3A	RPS13
IDH3A	RPS14
IDH3A	RPS15A
IDH3A	RPS16
IDH3A	RPS18
IDH3A	RPS2
IDH3A	RPS4X
IDH3A	RPS6
IDH3A	RPS7
IDH3A	RPS9
IDH3A	S100B
IDH3A	SEC61B
IDH3A	SEPTIN7
IDH3A	SKP1
IDH3A	SLC25A1
IDH3A	SNRPD1
IDH3A	SNRPD2
IDH3A	SNRPD3
IDH3A	SNRPE
IDH3A	SNX3
IDH3A	SRSF7
IDH3A	SSR4
IDH3A	SYNGR2
IDH3A	TMED10
IDH3A	TMED5
IDH3A	TMED9
IDH3A	TMEM109
IDH3A	TSN
IDH3B	KPNA4
IDH3B	LAMTOR1
IDH3B	MIEN1
IDH3B	MYL6
IDH3B	SNU13
IDH3B	NME3
IDH3B	OAT
IDH3B	OLA1
IDH3B	E5KLJ5
IDH3B	PGRMC2
IDH3B	PLGRKT
IDH3B	PSIP1
IDH3B	PSMD8
IDH3B	PTPMT1
IDH3B	RAB11B
IDH3B	RAB18
IDH3B	RAB7A
IDH3B	RAP1B
IDH3B	REEP6
IDH3B	RHOG
IDH3B	RPL10A
IDH3B	RPL11
IDH3B	RPL13
IDH3B	RPL14
IDH3B	RPL22
IDH3B	RPL27
IDH3B	RPL31
IDH3B	RPL35
IDH3B	RPL35A
IDH3B	RPL7
IDH3B	RPL8
IDH3B	RPL9
IDH3B	RPLP2
IDH3B	RPS13
IDH3B	RPS14
IDH3B	RPS15A
IDH3B	RPS16
IDH3B	RPS18
IDH3B	RPS19
IDH3B	RPS2
IDH3B	RPS3
IDH3B	RPS4X
IDH3B	RPS6
IDH3B	RPS7
IDH3B	RPS9
IDH3B	S100B
IDH3B	SEC61B
IDH3B	SEPTIN7
IDH3B	SKP1
IDH3B	SLC25A1
IDH3B	SNRPD1
IDH3B	SNRPD2
IDH3B	SNRPD3
IDH3B	SNRPE
IDH3B	SNX3
IDH3B	SRSF7
IDH3B	SSR4
IDH3B	SYNGR2
IDH3B	TMED10
IDH3B	TMED5
IDH3B	TMED9
IDH3B	TMEM109
IDH3B	TSN
KPNA4	LAMTOR1
KPNA4	MYL6
KPNA4	SNU13
KPNA4	NME3
KPNA4	PLGRKT
KPNA4	RAB11B
KPNA4	RAB18
KPNA4	RAB7A
KPNA4	REEP6
KPNA4	RPL10A
KPNA4	RPL11
KPNA4	RPL22
KPNA4	RPL27
KPNA4	RPL31
KPNA4	RPL35
KPNA4	RPL35A
KPNA4	RPL7
KPNA4	RPL9
KPNA4	RPS13
KPNA4	RPS14
KPNA4	RPS16
KPNA4	RPS18
KPNA4	RPS2
KPNA4	RPS4X
KPNA4	S100B
KPNA4	SEC61B
KPNA4	SEPTIN7
KPNA4	SKP1
KPNA4	SLC25A1
KPNA4	SNRPD1
KPNA4	SNRPD2
KPNA4	SNRPD3
KPNA4	SNRPE
KPNA4	SNX3
KPNA4	SRSF7
KPNA4	SSR4
KPNA4	SYNGR2
KPNA4	TMED10
KPNA4	TMED5
KPNA4	TMEM109
KPNA4	TSN
LAMTOR1	LRRC47
LAMTOR1	MIEN1
LAMTOR1	MRAS
LAMTOR1	MYL6
LAMTOR1	SNU13
LAMTOR1	NME3
LAMTOR1	OAT
LAMTOR1	OLA1
LAMTOR1	E5KLJ5
LAMTOR1	PDCD10
LAMTOR1	PGRMC2
LAMTOR1	PLGRKT
LAMTOR1	PSIP1
LAMTOR1	PSMD8
LAMTOR1	PTP4A1
LAMTOR1	PTPMT1
LAMTOR1	RAB11B
LAMTOR1	RAB18
LAMTOR1	RAB7A
LAMTOR1	RAP1B
LAMTOR1	REEP6
LAMTOR1	RHOG
LAMTOR1	RPL10A
LAMTOR1	RPL11
LAMTOR1	RPL13
LAMTOR1	RPL14
LAMTOR1	RPL18
LAMTOR1	RPL22
LAMTOR1	RPL23A
LAMTOR1	RPL27
LAMTOR1	RPL31
LAMTOR1	RPL35
LAMTOR1	RPL35A
LAMTOR1	RPL36
LAMTOR1	RPL7
LAMTOR1	RPL7A
LAMTOR1	RPL8
LAMTOR1	RPL9
LAMTOR1	RPLP2
LAMTOR1	RPS13
LAMTOR1	RPS14
LAMTOR1	RPS15A
LAMTOR1	RPS16
LAMTOR1	RPS18
LAMTOR1	RPS19
LAMTOR1	RPS2
LAMTOR1	RPS3
LAMTOR1	RPS4X
LAMTOR1	RPS6
LAMTOR1	RPS7
LAMTOR1	RPS8
LAMTOR1	RPS9
LAMTOR1	S100B
LAMTOR1	SAR1A
LAMTOR1	SEC22B
LAMTOR1	SEC61B
LAMTOR1	SEPTIN7
LAMTOR1	SKP1
LAMTOR1	SLC25A1
LAMTOR1	SNRPD1
LAMTOR1	SNRPD2
LAMTOR1	SNRPD3
LAMTOR1	SNRPE
LAMTOR1	SNX3
LAMTOR1	SRSF7
LAMTOR1	SSR4
LAMTOR1	SURF1
LAMTOR1	SYNGR2
LAMTOR1	TMED10
LAMTOR1	TMED5
LAMTOR1	TMED9
LAMTOR1	TMEM109
LAMTOR1	TSN
LAMTOR1	UFL1
LRRC47	MRAS
LRRC47	MYL6
LRRC47	SNU13
LRRC47	OAT
LRRC47	OLA1
LRRC47	PDCD10
LRRC47	PGRMC2
LRRC47	PLGRKT
LRRC47	PSIP1
LRRC47	PSMD8
LRRC47	PTPMT1
LRRC47	RAB11B
LRRC47	RAB18
LRRC47	RAB7A
LRRC47	RAP1B
LRRC47	RHOG
LRRC47	RPL10A
LRRC47	RPL11
LRRC47	RPL13
LRRC47	RPL22
LRRC47	RPL23A
LRRC47	RPL27
LRRC47	RPL35A
LRRC47	RPL7
LRRC47	RPL8
LRRC47	RPL9
LRRC47	RPLP2
LRRC47	RPS13
LRRC47	RPS14
LRRC47	RPS15A
LRRC47	RPS16
LRRC47	RPS18
LRRC47	RPS19
LRRC47	RPS2
LRRC47	RPS3
LRRC47	RPS4X
LRRC47	RPS6
LRRC47	RPS7
LRRC47	RPS8
LRRC47	RPS9
LRRC47	S100B
LRRC47	SAR1A
LRRC47	SEC22B
LRRC47	SEC61B
LRRC47	SKP1
LRRC47	SLC25A1
LRRC47	SNRPD1
LRRC47	SNRPE
LRRC47	SNX3
LRRC47	SSR4
LRRC47	SURF1
LRRC47	TMED10
LRRC47	TMED9
LRRC47	TMEM109
LRRC47	TSN
MIEN1	MYL6
MIEN1	SNU13
MIEN1	NME3
MIEN1	PGRMC2
MIEN1	PLGRKT
MIEN1	PSMD8
MIEN1	PTPMT1
MIEN1	RAB11B
MIEN1	RAB18
MIEN1	RAB7A
MIEN1	RAP1B
MIEN1	REEP6
MIEN1	RHOG
MIEN1	RPL10A
MIEN1	RPL11
MIEN1	RPL22
MIEN1	RPL23A
MIEN1	RPL27
MIEN1	RPL31
MIEN1	RPL35
MIEN1	RPL35A
MIEN1	RPL7
MIEN1	RPL9
MIEN1	RPS13
MIEN1	RPS14
MIEN1	RPS15A
MIEN1	RPS16
MIEN1	RPS18
MIEN1	RPS2
MIEN1	RPS4X
MIEN1	RPS7
MIEN1	RPS9
MIEN1	S100B
MIEN1	SAR1A
MIEN1	SEC61B
MIEN1	SEPTIN7
MIEN1	SKP1
MIEN1	SLC25A1
MIEN1	SNRPD1
MIEN1	SNRPD2
MIEN1	SNRPD3
MIEN1	SNRPE
MIEN1	SNX3
MIEN1	SRSF7
MIEN1	SSR4
MIEN1	SYNGR2
MIEN1	TMED10
MIEN1	TMED5
MIEN1	TMED9
MIEN1	TMEM109
MIEN1	TSN
MRAS	MYL6
MRAS	SNU13
MRAS	NME3
MRAS	OAT
MRAS	OLA1
MRAS	E5KLJ5
MRAS	PDCD10
MRAS	PGRMC2
MRAS	PLGRKT
MRAS	PSIP1
MRAS	PSMD8
MRAS	PTP4A1
MRAS	PTPMT1
MRAS	RAB11B
MRAS	RAB18
MRAS	RAB7A
MRAS	RAP1B
MRAS	REEP6
MRAS	RPL10A
MRAS	RPL11
MRAS	RPL22
MRAS	RPL23A
MRAS	RPL27
MRAS	RPL35A
MRAS	RPL7
MRAS	RPS13
MRAS	RPS14
MRAS	RPS15A
MRAS	RPS16
MRAS	RPS18
MRAS	RPS2
MRAS	RPS4X
MRAS	RPS6
MRAS	RPS7
MRAS	RPS9
MRAS	S100B
MRAS	SAR1A
MRAS	SEC22B
MRAS	SEC61B
MRAS	SKP1
MRAS	SLC25A1
MRAS	SNRPD1
MRAS	SNRPD2
MRAS	SNRPD3
MRAS	SNRPE
MRAS	SNX3
MRAS	SRSF7
MRAS	SSR4
MRAS	SURF1
MRAS	SYNGR2
MRAS	TMED10
MRAS	TMED5
MRAS	TMED9
MRAS	TMEM109
MRAS	TSN
MMUT	MYL6
MMUT	S100B
MMUT	SLC25A1
MMUT	TMED10
MMUT	TSN
MMUT	UFL1
MYL6	SNU13
MYL6	NME3
MYL6	OAT
MYL6	OLA1
MYL6	E5KLJ5
MYL6	PGRMC2
MYL6	PLGRKT
MYL6	PSIP1
MYL6	PSMD8
MYL6	PTP4A1
MYL6	PTPMT1
MYL6	RAB11B
MYL6	RAB18
MYL6	RAB7A
MYL6	RAP1B
MYL6	REEP6
MYL6	RHOG
MYL6	RPL10A
MYL6	RPL11
MYL6	RPL14
MYL6	RPL22
MYL6	RPL23A
MYL6	RPL27
MYL6	RPL31
MYL6	RPL35A
MYL6	RPL7
MYL6	RPL9
MYL6	RPLP2
MYL6	RPS13
MYL6	RPS14
MYL6	RPS15A
MYL6	RPS16
MYL6	RPS18
MYL6	RPS19
MYL6	RPS2
MYL6	RPS3
MYL6	RPS4X
MYL6	RPS6
MYL6	RPS7
MYL6	RPS9
MYL6	S100B
MYL6	SAR1A
MYL6	SEC61B
MYL6	SEPTIN7
MYL6	SKP1
MYL6	SLC25A1
MYL6	SNRPD1
MYL6	SNRPD2
MYL6	SNRPD3
MYL6	SNRPE
MYL6	SNX3
MYL6	SRSF7
MYL6	SSR4
MYL6	SURF1
MYL6	SYNGR2
MYL6	TMED10
MYL6	TMED5
MYL6	TMED9
MYL6	TMEM109
MYL6	TSN
MYL6	UFL1
SNU13	NME3
SNU13	OAT
SNU13	PDCD10
SNU13	PGRMC2
SNU13	PLGRKT
SNU13	PSIP1
SNU13	PSMD8
SNU13	PTP4A1
SNU13	PTPMT1
SNU13	RAB11B
SNU13	RAB18
SNU13	RAB7A
SNU13	RAP1B
SNU13	REEP6
SNU13	RHOG
SNU13	RPL10A
SNU13	RPL11
SNU13	RPL13
SNU13	RPL13A
SNU13	RPL14
SNU13	RPL18
SNU13	RPL22
SNU13	RPL23A
SNU13	RPL24
SNU13	RPL27
SNU13	RPL31
SNU13	RPL35
SNU13	RPL35A
SNU13	RPL36
SNU13	RPL7
SNU13	RPL7A
SNU13	RPL8
SNU13	RPL9
SNU13	RPLP2
SNU13	RPS13
SNU13	RPS14
SNU13	RPS15A
SNU13	RPS16
SNU13	RPS18
SNU13	RPS19
SNU13	RPS2
SNU13	RPS3
SNU13	RPS4X
SNU13	RPS6
SNU13	RPS7
SNU13	RPS8
SNU13	RPS9
SNU13	S100B
SNU13	SAR1A
SNU13	SEC22B
SNU13	SEC61B
SNU13	SEPTIN7
SNU13	SKP1
SNU13	SLC25A1
SNU13	SNRPD1
SNU13	SNRPD2
SNU13	SNRPD3
SNU13	SNRPE
SNU13	SNX3
SNU13	SRSF7
SNU13	SSR4
SNU13	SURF1
SNU13	SYNGR2
SNU13	TMED10
SNU13	TMED5
SNU13	TMED9
SNU13	TMEM109
SNU13	TSN
NME3	OAT
NME3	PGRMC2
NME3	PLGRKT
NME3	PSIP1
NME3	PSMD8
NME3	PTPMT1
NME3	RAB11B
NME3	RAB18
NME3	RAB7A
NME3	RAP1B
NME3	REEP6
NME3	RPL10A
NME3	RPL11
NME3	RPL13
NME3	RPL14
NME3	RPL22
NME3	RPL23A
NME3	RPL27
NME3	RPL31
NME3	RPL35
NME3	RPL35A
NME3	RPL7
NME3	RPL9
NME3	RPLP2
NME3	RPS13
NME3	RPS14
NME3	RPS15A
NME3	RPS16
NME3	RPS18
NME3	RPS19
NME3	RPS2
NME3	RPS3
NME3	RPS4X
NME3	RPS6
NME3	RPS7
NME3	RPS9
NME3	S100B
NME3	SAR1A
NME3	SEC22B
NME3	SEC61B
NME3	SEPTIN7
NME3	SKP1
NME3	SLC25A1
NME3	SNRPD1
NME3	SNRPD2
NME3	SNRPD3
NME3	SNRPE
NME3	SNX3
NME3	SRSF7
NME3	SSR4
NME3	SYNGR2
NME3	TMED10
NME3	TMED5
NME3	TMED9
NME3	TMEM109
NME3	TSN
OAT	OLA1
OAT	PDCD10
OAT	PGRMC2
OAT	PLGRKT
OAT	PSIP1
OAT	PSMD8
OAT	PTPMT1
OAT	RAB11B
OAT	RAB18
OAT	RAB7A
OAT	RAP1B
OAT	REEP6
OAT	RPL10A
OAT	RPL11
OAT	RPL13
OAT	RPL22
OAT	RPL27
OAT	RPL31
OAT	RPL35A
OAT	RPL7
OAT	RPL9
OAT	RPLP2
OAT	RPS13
OAT	RPS14
OAT	RPS15A
OAT	RPS16
OAT	RPS18
OAT	RPS19
OAT	RPS2
OAT	RPS3
OAT	RPS4X
OAT	RPS6
OAT	RPS7
OAT	RPS8
OAT	RPS9
OAT	S100B
OAT	SAR1A
OAT	SEC22B
OAT	SEC61B
OAT	SKP1
OAT	SLC25A1
OAT	SNRPD1
OAT	SNRPD2
OAT	SNRPD3
OAT	SNRPE
OAT	SNX3
OAT	SRSF7
OAT	SSR4
OAT	TMED10
OAT	TMED9
OAT	TMEM109
OAT	TSN
OLA1	E5KLJ5
OLA1	PGRMC2
OLA1	PLGRKT
OLA1	PSMD8
OLA1	PTPMT1
OLA1	RAB11B
OLA1	RAB18
OLA1	RAB7A
OLA1	RAP1B
OLA1	RPL10A
OLA1	RPL11
OLA1	RPL22
OLA1	RPL27
OLA1	RPL35A
OLA1	RPL7
OLA1	RPL9
OLA1	RPS13
OLA1	RPS14
OLA1	RPS15A
OLA1	RPS16
OLA1	RPS18
OLA1	RPS2
OLA1	RPS4X
OLA1	RPS6
OLA1	RPS7
OLA1	S100B
OLA1	SEC61B
OLA1	SKP1
OLA1	SLC25A1
OLA1	SNRPD1
OLA1	SNRPD2
OLA1	SNRPE
OLA1	SNX3
OLA1	SRSF7
OLA1	SSR4
OLA1	TMED10
OLA1	TMED5
OLA1	TMED9
OLA1	TMEM109
OLA1	TSN
E5KLJ5	PLGRKT
E5KLJ5	PSMD8
E5KLJ5	PTPMT1
E5KLJ5	RAB11B
E5KLJ5	RAB18
E5KLJ5	RAB7A
E5KLJ5	RPL10A
E5KLJ5	RPL11
E5KLJ5	RPL22
E5KLJ5	RPL27
E5KLJ5	RPL35A
E5KLJ5	RPL7
E5KLJ5	RPS15A
E5KLJ5	RPS16
E5KLJ5	RPS18
E5KLJ5	RPS4X
E5KLJ5	S100B
E5KLJ5	SEC61B
E5KLJ5	SKP1
E5KLJ5	SLC25A1
E5KLJ5	SNRPD1
E5KLJ5	SNX3
E5KLJ5	SSR4
E5KLJ5	TMED10
E5KLJ5	TMED5
E5KLJ5	TMED9
E5KLJ5	TSN
E5KLJ5	UFL1
PDCD10	PGRMC2
PDCD10	PLGRKT
PDCD10	PSIP1
PDCD10	PSMD8
PDCD10	PTP4A1
PDCD10	PTPMT1
PDCD10	RAB11B
PDCD10	RAB7A
PDCD10	RAP1B
PDCD10	RPL10A
PDCD10	RPL11
PDCD10	RPL13
PDCD10	RPL13A
PDCD10	RPL14
PDCD10	RPL23A
PDCD10	RPL27
PDCD10	RPL31
PDCD10	RPL7
PDCD10	RPL7A
PDCD10	RPS13
PDCD10	RPS14
PDCD10	RPS15A
PDCD10	RPS16
PDCD10	RPS18
PDCD10	RPS19
PDCD10	RPS2
PDCD10	RPS4X
PDCD10	RPS6
PDCD10	RPS7
PDCD10	RPS8
PDCD10	RPS9
PDCD10	SAR1A
PDCD10	SEC22B
PDCD10	SEC61B
PDCD10	SNRPE
PDCD10	SNX3
PDCD10	SURF1
PDCD10	TMED9
PDCD10	TMEM109
PGRMC2	PLGRKT
PGRMC2	PSIP1
PGRMC2	PSMD8
PGRMC2	PTP4A1
PGRMC2	PTPMT1
PGRMC2	RAB11B
PGRMC2	RAB18
PGRMC2	RAB7A
PGRMC2	RAP1B
PGRMC2	REEP6
PGRMC2	RPL10A
PGRMC2	RPL11
PGRMC2	RPL13
PGRMC2	RPL13A
PGRMC2	RPL14
PGRMC2	RPL22
PGRMC2	RPL23A
PGRMC2	RPL27
PGRMC2	RPL31
PGRMC2	RPL35A
PGRMC2	RPL7
PGRMC2	RPL7A
PGRMC2	RPLP2
PGRMC2	RPS13
PGRMC2	RPS14
PGRMC2	RPS15A
PGRMC2	RPS16
PGRMC2	RPS18
PGRMC2	RPS19
PGRMC2	RPS2
PGRMC2	RPS4X
PGRMC2	RPS6
PGRMC2	RPS7
PGRMC2	RPS8
PGRMC2	RPS9
PGRMC2	SAR1A
PGRMC2	SEC22B
PGRMC2	SEC61B
PGRMC2	SKP1
PGRMC2	SNRPD1
PGRMC2	SNRPD2
PGRMC2	SNRPD3
PGRMC2	SNRPE
PGRMC2	SNX3
PGRMC2	SRSF7
PGRMC2	SURF1
PGRMC2	SYNGR2
PGRMC2	TMED10
PGRMC2	TMED5
PGRMC2	TMED9
PGRMC2	TMEM109
PGRMC2	TSN
PLGRKT	PSIP1
PLGRKT	PSMD8
PLGRKT	PTP4A1
PLGRKT	PTPMT1
PLGRKT	RAB11B
PLGRKT	RAB18
PLGRKT	RAB7A
PLGRKT	RAP1B
PLGRKT	REEP6
PLGRKT	RHOG
PLGRKT	RPL10A
PLGRKT	RPL11
PLGRKT	RPL13
PLGRKT	RPL14
PLGRKT	RPL22
PLGRKT	RPL23A
PLGRKT	RPL27
PLGRKT	RPL31
PLGRKT	RPL35
PLGRKT	RPL35A
PLGRKT	RPL36
PLGRKT	RPL7
PLGRKT	RPL7A
PLGRKT	RPL9
PLGRKT	RPS13
PLGRKT	RPS14
PLGRKT	RPS15A
PLGRKT	RPS16
PLGRKT	RPS18
PLGRKT	RPS19
PLGRKT	RPS2
PLGRKT	RPS4X
PLGRKT	RPS6
PLGRKT	RPS7
PLGRKT	RPS8
PLGRKT	RPS9
PLGRKT	S100B
PLGRKT	SAR1A
PLGRKT	SEC22B
PLGRKT	SEC61B
PLGRKT	SEPTIN7
PLGRKT	SKP1
PLGRKT	SLC25A1
PLGRKT	SNRPD1
PLGRKT	SNRPD2
PLGRKT	SNRPD3
PLGRKT	SNRPE
PLGRKT	SNX3
PLGRKT	SRSF7
PLGRKT	SSR4
PLGRKT	SURF1
PLGRKT	SYNGR2
PLGRKT	TMED10
PLGRKT	TMED5
PLGRKT	TMED9
PLGRKT	TMEM109
PLGRKT	TSN
PLGRKT	UFL1
PSIP1	PSMD8
PSIP1	PTPMT1
PSIP1	RAB11B
PSIP1	RAB18
PSIP1	RAB7A
PSIP1	RAP1B
PSIP1	REEP6
PSIP1	RPL10A
PSIP1	RPL11
PSIP1	RPL13
PSIP1	RPL13A
PSIP1	RPL14
PSIP1	RPL22
PSIP1	RPL23A
PSIP1	RPL27
PSIP1	RPL31
PSIP1	RPL35
PSIP1	RPL35A
PSIP1	RPL7
PSIP1	RPL7A
PSIP1	RPL8
PSIP1	RPL9
PSIP1	RPLP2
PSIP1	RPS13
PSIP1	RPS14
PSIP1	RPS15A
PSIP1	RPS16
PSIP1	RPS18
PSIP1	RPS19
PSIP1	RPS2
PSIP1	RPS3
PSIP1	RPS4X
PSIP1	RPS6
PSIP1	RPS7
PSIP1	RPS8
PSIP1	RPS9
PSIP1	SAR1A
PSIP1	SEC22B
PSIP1	SEC61B
PSIP1	SKP1
PSIP1	SNRPD1
PSIP1	SNRPD2
PSIP1	SNRPD3
PSIP1	SNRPE
PSIP1	SNX3
PSIP1	SRSF7
PSIP1	SURF1
PSIP1	SYNGR2
PSIP1	TMED10
PSIP1	TMED9
PSIP1	TMEM109
PSIP1	TSN
PSMD8	PTP4A1
PSMD8	PTPMT1
PSMD8	RAB11B
PSMD8	RAB18
PSMD8	RAB7A
PSMD8	RAP1B
PSMD8	REEP6
PSMD8	RHOG
PSMD8	RPL10A
PSMD8	RPL11
PSMD8	RPL13
PSMD8	RPL13A
PSMD8	RPL14
PSMD8	RPL22
PSMD8	RPL23A
PSMD8	RPL27
PSMD8	RPL31
PSMD8	RPL35
PSMD8	RPL35A
PSMD8	RPL7
PSMD8	RPL7A
PSMD8	RPL8
PSMD8	RPL9
PSMD8	RPLP2
PSMD8	RPS13
PSMD8	RPS14
PSMD8	RPS15A
PSMD8	RPS16
PSMD8	RPS18
PSMD8	RPS19
PSMD8	RPS2
PSMD8	RPS3
PSMD8	RPS4X
PSMD8	RPS6
PSMD8	RPS7
PSMD8	RPS8
PSMD8	RPS9
PSMD8	S100B
PSMD8	SAR1A
PSMD8	SEC22B
PSMD8	SEC61B
PSMD8	SKP1
PSMD8	SLC25A1
PSMD8	SNRPD1
PSMD8	SNRPD2
PSMD8	SNRPD3
PSMD8	SNRPE
PSMD8	SNX3
PSMD8	SRSF7
PSMD8	SSR4
PSMD8	SURF1
PSMD8	SYNGR2
PSMD8	TMED10
PSMD8	TMED5
PSMD8	TMED9
PSMD8	TMEM109
PSMD8	TSN
PTP4A1	PTPMT1
PTP4A1	RAB11B
PTP4A1	RAB18
PTP4A1	RAB7A
PTP4A1	RAP1B
PTP4A1	REEP6
PTP4A1	RPL10A
PTP4A1	RPL11
PTP4A1	RPL22
PTP4A1	RPL27
PTP4A1	RPL35A
PTP4A1	RPL7
PTP4A1	RPS13
PTP4A1	RPS14
PTP4A1	RPS15A
PTP4A1	RPS16
PTP4A1	RPS18
PTP4A1	RPS4X
PTP4A1	RPS7
PTP4A1	S100B
PTP4A1	SAR1A
PTP4A1	SEC22B
PTP4A1	SEC61B
PTP4A1	SKP1
PTP4A1	SLC25A1
PTP4A1	SNRPD1
PTP4A1	SNRPD2
PTP4A1	SNRPE
PTP4A1	SNX3
PTP4A1	SRSF7
PTP4A1	SSR4
PTP4A1	TMED10
PTP4A1	TMED9
PTP4A1	TMEM109
PTP4A1	TSN
PTPMT1	RAB11B
PTPMT1	RAB18
PTPMT1	RAB7A
PTPMT1	RAP1B
PTPMT1	REEP6
PTPMT1	RHOG
PTPMT1	RPL10A
PTPMT1	RPL11
PTPMT1	RPL14
PTPMT1	RPL22
PTPMT1	RPL23A
PTPMT1	RPL27
PTPMT1	RPL31
PTPMT1	RPL35A
PTPMT1	RPL7
PTPMT1	RPL9
PTPMT1	RPLP2
PTPMT1	RPS13
PTPMT1	RPS14
PTPMT1	RPS15A
PTPMT1	RPS16
PTPMT1	RPS18
PTPMT1	RPS19
PTPMT1	RPS2
PTPMT1	RPS3
PTPMT1	RPS4X
PTPMT1	RPS6
PTPMT1	RPS7
PTPMT1	RPS8
PTPMT1	RPS9
PTPMT1	S100B
PTPMT1	SAR1A
PTPMT1	SEC22B
PTPMT1	SEC61B
PTPMT1	SEPTIN7
PTPMT1	SKP1
PTPMT1	SLC25A1
PTPMT1	SNRPD1
PTPMT1	SNRPD2
PTPMT1	SNRPD3
PTPMT1	SNRPE
PTPMT1	SNX3
PTPMT1	SRSF7
PTPMT1	SSR4
PTPMT1	SYNGR2
PTPMT1	TMED10
PTPMT1	TMED5
PTPMT1	TMED9
PTPMT1	TMEM109
PTPMT1	TSN
RAB11B	RAB18
RAB11B	RAB7A
RAB11B	RAP1B
RAB11B	REEP6
RAB11B	RHOG
RAB11B	RPL10A
RAB11B	RPL11
RAB11B	RPL13
RAB11B	RPL13A
RAB11B	RPL14
RAB11B	RPL18
RAB11B	RPL22
RAB11B	RPL23A
RAB11B	RPL27
RAB11B	RPL31
RAB11B	RPL35
RAB11B	RPL35A
RAB11B	RPL36
RAB11B	RPL7
RAB11B	RPL7A
RAB11B	RPL8
RAB11B	RPL9
RAB11B	RPLP2
RAB11B	RPS13
RAB11B	RPS14
RAB11B	RPS15A
RAB11B	RPS16
RAB11B	RPS18
RAB11B	RPS19
RAB11B	RPS2
RAB11B	RPS3
RAB11B	RPS4X
RAB11B	RPS6
RAB11B	RPS7
RAB11B	RPS8
RAB11B	RPS9
RAB11B	S100B
RAB11B	SAR1A
RAB11B	SEC22B
RAB11B	SEC61B
RAB11B	SEPTIN7
RAB11B	SKP1
RAB11B	SLC25A1
RAB11B	SNRPD1
RAB11B	SNRPD2
RAB11B	SNRPD3
RAB11B	SNRPE
RAB11B	SNX3
RAB11B	SRSF7
RAB11B	SSR4
RAB11B	SURF1
RAB11B	SYNGR2
RAB11B	TMED10
RAB11B	TMED5
RAB11B	TMED9
RAB11B	TMEM109
RAB11B	TSN
RAB11B	UFL1
RAB18	RAB7A
RAB18	RAP1B
RAB18	REEP6
RAB18	RHOG
RAB18	RPL10A
RAB18	RPL11
RAB18	RPL14
RAB18	RPL22
RAB18	RPL23A
RAB18	RPL27
RAB18	RPL31
RAB18	RPL35
RAB18	RPL35A
RAB18	RPL7
RAB18	RPL8
RAB18	RPL9
RAB18	RPLP2
RAB18	RPS13
RAB18	RPS14
RAB18	RPS15A
RAB18	RPS16
RAB18	RPS18
RAB18	RPS19
RAB18	RPS2
RAB18	RPS3
RAB18	RPS4X
RAB18	RPS6
RAB18	RPS7
RAB18	RPS8
RAB18	RPS9
RAB18	S100B
RAB18	SAR1A
RAB18	SEC22B
RAB18	SEC61B
RAB18	SEPTIN7
RAB18	SKP1
RAB18	SLC25A1
RAB18	SNRPD1
RAB18	SNRPD2
RAB18	SNRPD3
RAB18	SNRPE
RAB18	SNX3
RAB18	SRSF7
RAB18	SSR4
RAB18	SURF1
RAB18	SYNGR2
RAB18	TMED10
RAB18	TMED5
RAB18	TMED9
RAB18	TMEM109
RAB18	TSN
RAB18	UFL1
RAB7A	RAP1B
RAB7A	REEP6
RAB7A	RHOG
RAB7A	RPL10A
RAB7A	RPL11
RAB7A	RPL13
RAB7A	RPL14
RAB7A	RPL22
RAB7A	RPL23A
RAB7A	RPL27
RAB7A	RPL31
RAB7A	RPL35
RAB7A	RPL35A
RAB7A	RPL36
RAB7A	RPL7
RAB7A	RPL7A
RAB7A	RPL9
RAB7A	RPLP2
RAB7A	RPS13
RAB7A	RPS14
RAB7A	RPS15A
RAB7A	RPS16
RAB7A	RPS18
RAB7A	RPS19
RAB7A	RPS2
RAB7A	RPS3
RAB7A	RPS4X
RAB7A	RPS6
RAB7A	RPS7
RAB7A	RPS8
RAB7A	RPS9
RAB7A	S100B
RAB7A	SAR1A
RAB7A	SEC22B
RAB7A	SEC61B
RAB7A	SEPTIN7
RAB7A	SKP1
RAB7A	SLC25A1
RAB7A	SNRPD1
RAB7A	SNRPD2
RAB7A	SNRPD3
RAB7A	SNRPE
RAB7A	SNX3
RAB7A	SRSF7
RAB7A	SSR4
RAB7A	SURF1
RAB7A	SYNGR2
RAB7A	TMED10
RAB7A	TMED5
RAB7A	TMED9
RAB7A	TMEM109
RAB7A	TSN
RAB7A	UFL1
RAP1B	REEP6
RAP1B	RHOG
RAP1B	RPL10A
RAP1B	RPL11
RAP1B	RPL13
RAP1B	RPL14
RAP1B	RPL22
RAP1B	RPL23A
RAP1B	RPL27
RAP1B	RPL31
RAP1B	RPL35
RAP1B	RPL35A
RAP1B	RPL7
RAP1B	RPL7A
RAP1B	RPL8
RAP1B	RPL9
RAP1B	RPLP2
RAP1B	RPS13
RAP1B	RPS14
RAP1B	RPS15A
RAP1B	RPS16
RAP1B	RPS18
RAP1B	RPS19
RAP1B	RPS2
RAP1B	RPS3
RAP1B	RPS4X
RAP1B	RPS6
RAP1B	RPS7
RAP1B	RPS8
RAP1B	RPS9
RAP1B	S100B
RAP1B	SAR1A
RAP1B	SEC22B
RAP1B	SEC61B
RAP1B	SKP1
RAP1B	SLC25A1
RAP1B	SNRPD1
RAP1B	SNRPD2
RAP1B	SNRPD3
RAP1B	SNRPE
RAP1B	SNX3
RAP1B	SRSF7
RAP1B	SSR4
RAP1B	SURF1
RAP1B	SYNGR2
RAP1B	TMED10
RAP1B	TMED5
RAP1B	TMED9
RAP1B	TMEM109
RAP1B	TSN
REEP6	RHOG
REEP6	RPL10A
REEP6	RPL11
REEP6	RPL13
REEP6	RPL14
REEP6	RPL22
REEP6	RPL23A
REEP6	RPL27
REEP6	RPL31
REEP6	RPL35
REEP6	RPL35A
REEP6	RPL7
REEP6	RPL9
REEP6	RPLP2
REEP6	RPS13
REEP6	RPS14
REEP6	RPS15A
REEP6	RPS16
REEP6	RPS18
REEP6	RPS19
REEP6	RPS2
REEP6	RPS3
REEP6	RPS4X
REEP6	RPS6
REEP6	RPS7
REEP6	RPS9
REEP6	S100B
REEP6	SAR1A
REEP6	SEC22B
REEP6	SEC61B
REEP6	SEPTIN7
REEP6	SKP1
REEP6	SLC25A1
REEP6	SNRPD1
REEP6	SNRPD2
REEP6	SNRPD3
REEP6	SNRPE
REEP6	SNX3
REEP6	SRSF7
REEP6	SSR4
REEP6	SURF1
REEP6	SYNGR2
REEP6	TMED10
REEP6	TMED5
REEP6	TMED9
REEP6	TMEM109
REEP6	TSN
RHOG	RPL10A
RHOG	RPL11
RHOG	RPL14
RHOG	RPL22
RHOG	RPL27
RHOG	RPL35A
RHOG	RPL7
RHOG	RPL9
RHOG	RPS13
RHOG	RPS14
RHOG	RPS15A
RHOG	RPS16
RHOG	RPS18
RHOG	RPS2
RHOG	RPS3
RHOG	RPS4X
RHOG	RPS7
RHOG	S100B
RHOG	SEC61B
RHOG	SEPTIN7
RHOG	SKP1
RHOG	SLC25A1
RHOG	SNRPD1
RHOG	SNRPD2
RHOG	SNRPE
RHOG	SNX3
RHOG	SSR4
RHOG	SYNGR2
RHOG	TMED10
RHOG	TMED9
RHOG	TMEM109
RHOG	TSN
RHOG	UFL1
RPL10A	RPL11
RPL10A	RPL13
RPL10A	RPL13A
RPL10A	RPL14
RPL10A	RPL22
RPL10A	RPL23A
RPL10A	RPL27
RPL10A	RPL31
RPL10A	RPL35
RPL10A	RPL35A
RPL10A	RPL7
RPL10A	RPL7A
RPL10A	RPL8
RPL10A	RPL9
RPL10A	RPLP2
RPL10A	RPS13
RPL10A	RPS14
RPL10A	RPS15A
RPL10A	RPS16
RPL10A	RPS18
RPL10A	RPS19
RPL10A	RPS2
RPL10A	RPS3
RPL10A	RPS4X
RPL10A	RPS6
RPL10A	RPS7
RPL10A	RPS8
RPL10A	RPS9
RPL10A	S100B
RPL10A	SAR1A
RPL10A	SEC22B
RPL10A	SEC61B
RPL10A	SKP1
RPL10A	SLC25A1
RPL10A	SNRPD1
RPL10A	SNRPD2
RPL10A	SNRPD3
RPL10A	SNRPE
RPL10A	SNX3
RPL10A	SRSF7
RPL10A	SSR4
RPL10A	SURF1
RPL10A	SYNGR2
RPL10A	TMED10
RPL10A	TMED5
RPL10A	TMED9
RPL10A	TMEM109
RPL10A	TSN
RPL10A	UFL1
RPL11	RPL13
RPL11	RPL14
RPL11	RPL22
RPL11	RPL23A
RPL11	RPL27
RPL11	RPL31
RPL11	RPL35
RPL11	RPL35A
RPL11	RPL36
RPL11	RPL7
RPL11	RPL7A
RPL11	RPL8
RPL11	RPL9
RPL11	RPLP2
RPL11	RPS13
RPL11	RPS14
RPL11	RPS15A
RPL11	RPS16
RPL11	RPS18
RPL11	RPS19
RPL11	RPS2
RPL11	RPS3
RPL11	RPS4X
RPL11	RPS6
RPL11	RPS7
RPL11	RPS8
RPL11	RPS9
RPL11	S100B
RPL11	SAR1A
RPL11	SEC22B
RPL11	SEC61B
RPL11	SEPTIN7
RPL11	SKP1
RPL11	SLC25A1
RPL11	SNRPD1
RPL11	SNRPD2
RPL11	SNRPD3
RPL11	SNRPE
RPL11	SNX3
RPL11	SRSF7
RPL11	SSR4
RPL11	SURF1
RPL11	SYNGR2
RPL11	TMED10
RPL11	TMED5
RPL11	TMED9
RPL11	TMEM109
RPL11	TSN
RPL11	UFL1
RPL13	RPL13A
RPL13	RPL14
RPL13	RPL18
RPL13	RPL22
RPL13	RPL23A
RPL13	RPL24
RPL13	RPL27
RPL13	RPL31
RPL13	RPL35
RPL13	RPL35A
RPL13	RPL36
RPL13	RPL4
RPL13	RPL7
RPL13	RPL7A
RPL13	RPL8
RPL13	RPL9
RPL13	RPS13
RPL13	RPS14
RPL13	RPS15A
RPL13	RPS16
RPL13	RPS18
RPL13	RPS19
RPL13	RPS2
RPL13	RPS4X
RPL13	RPS6
RPL13	RPS7
RPL13	RPS8
RPL13	RPS9
RPL13	SAR1A
RPL13	SEC22B
RPL13	SEC61B
RPL13	SKP1
RPL13	SNRPD1
RPL13	SNRPD2
RPL13	SNRPD3
RPL13	SNRPE
RPL13	SNX3
RPL13	SRSF7
RPL13	SURF1
RPL13	SYNGR2
RPL13	TMED9
RPL13	TMEM109
RPL13A	RPL14
RPL13A	RPL18
RPL13A	RPL24
RPL13A	RPL27
RPL13A	RPL31
RPL13A	RPL35
RPL13A	RPL36
RPL13A	RPL4
RPL13A	RPL7
RPL13A	RPL7A
RPL13A	RPL8
RPL13A	RPS13
RPL13A	RPS14
RPL13A	RPS15A
RPL13A	RPS16
RPL13A	RPS18
RPL13A	RPS2
RPL13A	RPS4X
RPL13A	RPS6
RPL13A	RPS7
RPL13A	RPS8
RPL13A	RPS9
RPL13A	SAR1A
RPL13A	SNX3
RPL13A	SURF1
RPL13A	TMED9
RPL14	RPL18
RPL14	RPL22
RPL14	RPL23A
RPL14	RPL24
RPL14	RPL27
RPL14	RPL31
RPL14	RPL35
RPL14	RPL35A
RPL14	RPL36
RPL14	RPL7
RPL14	RPL7A
RPL14	RPL8
RPL14	RPL9
RPL14	RPLP2
RPL14	RPS13
RPL14	RPS14
RPL14	RPS15A
RPL14	RPS16
RPL14	RPS18
RPL14	RPS19
RPL14	RPS2
RPL14	RPS3
RPL14	RPS4X
RPL14	RPS6
RPL14	RPS7
RPL14	RPS8
RPL14	RPS9
RPL14	S100B
RPL14	SAR1A
RPL14	SEC61B
RPL14	SKP1
RPL14	SLC25A1
RPL14	SNRPD1
RPL14	SNRPD2
RPL14	SNRPD3
RPL14	SNRPE
RPL14	SNX3
RPL14	SRSF7
RPL14	SSR4
RPL14	SURF1
RPL14	SYNGR2
RPL14	TMED10
RPL14	TMED9
RPL14	TMEM109
RPL14	TSN
RPL18	RPL24
RPL18	RPL27
RPL18	RPL31
RPL18	RPL35
RPL18	RPL36
RPL18	RPL7
RPL18	RPL7A
RPL18	RPL8
RPL18	RPS13
RPL18	RPS14
RPL18	RPS16
RPL18	RPS18
RPL18	RPS19
RPL18	RPS2
RPL18	RPS4X
RPL18	RPS6
RPL18	RPS8
RPL18	RPS9
RPL18	SAR1A
RPL18	SEC61B
RPL18	SNRPD1
RPL18	SNRPD2
RPL18	SNRPD3
RPL18	SNRPE
RPL18	SNX3
RPL18	SRSF7
RPL18	SURF1
RPL18	TMEM109
RPL22	RPL23A
RPL22	RPL24
RPL22	RPL27
RPL22	RPL31
RPL22	RPL35
RPL22	RPL35A
RPL22	RPL7
RPL22	RPL7A
RPL22	RPL8
RPL22	RPL9
RPL22	RPLP2
RPL22	RPS13
RPL22	RPS14
RPL22	RPS15A
RPL22	RPS16
RPL22	RPS18
RPL22	RPS19
RPL22	RPS2
RPL22	RPS3
RPL22	RPS4X
RPL22	RPS6
RPL22	RPS7
RPL22	RPS8
RPL22	RPS9
RPL22	S100B
RPL22	SAR1A
RPL22	SEC61B
RPL22	SEPTIN7
RPL22	SKP1
RPL22	SLC25A1
RPL22	SNRPD1
RPL22	SNRPD2
RPL22	SNRPD3
RPL22	SNRPE
RPL22	SNX3
RPL22	SRSF7
RPL22	SSR4
RPL22	SURF1
RPL22	SYNGR2
RPL22	TMED10
RPL22	TMED5
RPL22	TMED9
RPL22	TMEM109
RPL22	TSN
RPL22	UFL1
RPL23A	RPL27
RPL23A	RPL31
RPL23A	RPL35A
RPL23A	RPL7
RPL23A	RPL9
RPL23A	RPS13
RPL23A	RPS14
RPL23A	RPS15A
RPL23A	RPS16
RPL23A	RPS18
RPL23A	RPS19
RPL23A	RPS2
RPL23A	RPS4X
RPL23A	RPS6
RPL23A	RPS7
RPL23A	RPS9
RPL23A	SAR1A
RPL23A	SEC22B
RPL23A	SEC61B
RPL23A	SKP1
RPL23A	SNRPD1
RPL23A	SNRPD2
RPL23A	SNRPD3
RPL23A	SNRPE
RPL23A	SNX3
RPL23A	SRSF7
RPL23A	SURF1
RPL23A	SYNGR2
RPL23A	TMED9
RPL23A	TMEM109
RPL23A	TSN
RPL24	RPL31
RPL24	RPL35
RPL24	RPL36
RPL24	RPL7
RPL24	RPL7A
RPL24	RPL8
RPL24	RPS13
RPL24	RPS14
RPL24	RPS16
RPL24	RPS18
RPL24	RPS19
RPL24	RPS2
RPL24	RPS3
RPL24	RPS4X
RPL24	RPS6
RPL24	RPS8
RPL24	RPS9
RPL24	SNRPD1
RPL24	SNRPD2
RPL24	SNRPD3
RPL24	SNRPE
RPL27	RPL31
RPL27	RPL35
RPL27	RPL35A
RPL27	RPL36
RPL27	RPL7
RPL27	RPL7A
RPL27	RPL8
RPL27	RPL9
RPL27	RPLP2
RPL27	RPS13
RPL27	RPS14
RPL27	RPS15A
RPL27	RPS16
RPL27	RPS18
RPL27	RPS19
RPL27	RPS2
RPL27	RPS3
RPL27	RPS4X
RPL27	RPS6
RPL27	RPS7
RPL27	RPS8
RPL27	RPS9
RPL27	S100B
RPL27	SAR1A
RPL27	SEC22B
RPL27	SEC61B
RPL27	SEPTIN7
RPL27	SKP1
RPL27	SLC25A1
RPL27	SNRPD1
RPL27	SNRPD2
RPL27	SNRPD3
RPL27	SNRPE
RPL27	SNX3
RPL27	SRSF7
RPL27	SSR4
RPL27	SURF1
RPL27	SYNGR2
RPL27	TMED10
RPL27	TMED5
RPL27	TMED9
RPL27	TMEM109
RPL27	TSN
RPL27	UFL1
RPL31	RPL35
RPL31	RPL35A
RPL31	RPL36
RPL31	RPL7
RPL31	RPL7A
RPL31	RPL8
RPL31	RPL9
RPL31	RPLP2
RPL31	RPS13
RPL31	RPS14
RPL31	RPS15A
RPL31	RPS16
RPL31	RPS18
RPL31	RPS19
RPL31	RPS2
RPL31	RPS3
RPL31	RPS4X
RPL31	RPS6
RPL31	RPS7
RPL31	RPS8
RPL31	RPS9
RPL31	SAR1A
RPL31	SEC22B
RPL31	SEC61B
RPL31	SKP1
RPL31	SNRPD1
RPL31	SNRPD2
RPL31	SNRPD3
RPL31	SNRPE
RPL31	SNX3
RPL31	SRSF7
RPL31	SSR4
RPL31	SURF1
RPL31	SYNGR2
RPL31	TMED9
RPL31	TMEM109
RPL31	TSN
RPL35	RPL35A
RPL35	RPL36
RPL35	RPL7
RPL35	RPL7A
RPL35	RPL8
RPL35	RPL9
RPL35	RPS13
RPL35	RPS14
RPL35	RPS15A
RPL35	RPS16
RPL35	RPS18
RPL35	RPS19
RPL35	RPS2
RPL35	RPS3
RPL35	RPS4X
RPL35	RPS6
RPL35	RPS7
RPL35	RPS8
RPL35	RPS9
RPL35	S100B
RPL35	SAR1A
RPL35	SEC61B
RPL35	SKP1
RPL35	SNRPD1
RPL35	SNRPD2
RPL35	SNRPD3
RPL35	SNRPE
RPL35	SNX3
RPL35	SRSF7
RPL35	SSR4
RPL35	SURF1
RPL35	SYNGR2
RPL35	TMEM109
RPL35	TSN
RPL35A	RPL7
RPL35A	RPL8
RPL35A	RPL9
RPL35A	RPLP2
RPL35A	RPS13
RPL35A	RPS14
RPL35A	RPS15A
RPL35A	RPS16
RPL35A	RPS18
RPL35A	RPS19
RPL35A	RPS2
RPL35A	RPS3
RPL35A	RPS4X
RPL35A	RPS6
RPL35A	RPS7
RPL35A	RPS8
RPL35A	RPS9
RPL35A	S100B
RPL35A	SAR1A
RPL35A	SEC22B
RPL35A	SEC61B
RPL35A	SEPTIN7
RPL35A	SKP1
RPL35A	SLC25A1
RPL35A	SNRPD1
RPL35A	SNRPD2
RPL35A	SNRPD3
RPL35A	SNRPE
RPL35A	SNX3
RPL35A	SRSF7
RPL35A	SSR4
RPL35A	SURF1
RPL35A	SYNGR2
RPL35A	TMED10
RPL35A	TMED5
RPL35A	TMED9
RPL35A	TMEM109
RPL35A	TSN
RPL35A	UFL1
RPL36	RPL7
RPL36	RPL7A
RPL36	RPL8
RPL36	RPS13
RPL36	RPS14
RPL36	RPS16
RPL36	RPS18
RPL36	RPS19
RPL36	RPS2
RPL36	RPS4X
RPL36	RPS6
RPL36	RPS8
RPL36	RPS9
RPL36	SAR1A
RPL36	SEC61B
RPL36	SNRPD1
RPL36	SNRPD2
RPL36	SNRPD3
RPL36	SNRPE
RPL36	SNX3
RPL36	SRSF7
RPL36	SURF1
RPL36	SYNGR2
RPL36	TMEM109
RPL4	RPL7A
RPL4	RPL8
RPL4	RPS6
RPL4	RPS8
RPL7	RPL7A
RPL7	RPL8
RPL7	RPL9
RPL7	RPLP2
RPL7	RPS13
RPL7	RPS14
RPL7	RPS15A
RPL7	RPS16
RPL7	RPS18
RPL7	RPS19
RPL7	RPS2
RPL7	RPS3
RPL7	RPS4X
RPL7	RPS6
RPL7	RPS7
RPL7	RPS8
RPL7	RPS9
RPL7	S100B
RPL7	SAR1A
RPL7	SEC22B
RPL7	SEC61B
RPL7	SKP1
RPL7	SLC25A1
RPL7	SNRPD1
RPL7	SNRPD2
RPL7	SNRPD3
RPL7	SNRPE
RPL7	SNX3
RPL7	SRSF7
RPL7	SSR4
RPL7	SURF1
RPL7	SYNGR2
RPL7	TMED10
RPL7	TMED5
RPL7	TMED9
RPL7	TMEM109
RPL7	TSN
RPL7A	RPL8
RPL7A	RPL9
RPL7A	RPS13
RPL7A	RPS14
RPL7A	RPS15A
RPL7A	RPS16
RPL7A	RPS18
RPL7A	RPS19
RPL7A	RPS2
RPL7A	RPS3
RPL7A	RPS4X
RPL7A	RPS6
RPL7A	RPS7
RPL7A	RPS8
RPL7A	RPS9
RPL7A	SAR1A
RPL7A	SEC61B
RPL7A	SNRPD1
RPL7A	SNRPD2
RPL7A	SNRPD3
RPL7A	SNRPE
RPL7A	SNX3
RPL7A	SRSF7
RPL7A	SURF1
RPL7A	TMEM109
RPL8	RPL9
RPL8	RPLP2
RPL8	RPS13
RPL8	RPS14
RPL8	RPS15A
RPL8	RPS16
RPL8	RPS18
RPL8	RPS19
RPL8	RPS2
RPL8	RPS3
RPL8	RPS4X
RPL8	RPS6
RPL8	RPS8
RPL8	RPS9
RPL8	S100B
RPL8	SEC61B
RPL8	SLC25A1
RPL8	SNRPD1
RPL8	SNX3
RPL8	SSR4
RPL8	TMED10
RPL8	TMED9
RPL8	TSN
RPL9	RPLP2
RPL9	RPS13
RPL9	RPS14
RPL9	RPS15A
RPL9	RPS16
RPL9	RPS18
RPL9	RPS19
RPL9	RPS2
RPL9	RPS3
RPL9	RPS4X
RPL9	RPS6
RPL9	RPS7
RPL9	RPS8
RPL9	RPS9
RPL9	S100B
RPL9	SEC61B
RPL9	SEPTIN7
RPL9	SKP1
RPL9	SLC25A1
RPL9	SNRPD1
RPL9	SNRPD2
RPL9	SNRPD3
RPL9	SNRPE
RPL9	SNX3
RPL9	SRSF7
RPL9	SSR4
RPL9	SYNGR2
RPL9	TMED10
RPL9	TMED5
RPL9	TMEM109
RPL9	TSN
RPLP2	RPS13
RPLP2	RPS14
RPLP2	RPS16
RPLP2	RPS18
RPLP2	RPS19
RPLP2	RPS2
RPLP2	RPS3
RPLP2	RPS4X
RPLP2	RPS9
RPLP2	S100B
RPLP2	SEC61B
RPLP2	SEPTIN7
RPLP2	SKP1
RPLP2	SNRPD1
RPLP2	SNRPD2
RPLP2	SNRPD3
RPLP2	SNRPE
RPLP2	SNX3
RPLP2	SRSF7
RPLP2	SSR4
RPLP2	TMED10
RPLP2	TMEM109
RPLP2	TSN
RPS13	RPS14
RPS13	RPS15A
RPS13	RPS16
RPS13	RPS18
RPS13	RPS19
RPS13	RPS2
RPS13	RPS3
RPS13	RPS4X
RPS13	RPS6
RPS13	RPS7
RPS13	RPS8
RPS13	RPS9
RPS13	S100B
RPS13	SAR1A
RPS13	SEC22B
RPS13	SEC61B
RPS13	SEPTIN7
RPS13	SKP1
RPS13	SLC25A1
RPS13	SNRPD1
RPS13	SNRPD2
RPS13	SNRPD3
RPS13	SNRPE
RPS13	SNX3
RPS13	SRSF7
RPS13	SSR4
RPS13	SURF1
RPS13	SYNGR2
RPS13	TMED10
RPS13	TMED5
RPS13	TMED9
RPS13	TMEM109
RPS13	TSN
RPS14	RPS15A
RPS14	RPS16
RPS14	RPS18
RPS14	RPS19
RPS14	RPS2
RPS14	RPS3
RPS14	RPS4X
RPS14	RPS6
RPS14	RPS7
RPS14	RPS8
RPS14	RPS9
RPS14	S100B
RPS14	SAR1A
RPS14	SEC22B
RPS14	SEC61B
RPS14	SEPTIN7
RPS14	SKP1
RPS14	SLC25A1
RPS14	SNRPD1
RPS14	SNRPD2
RPS14	SNRPD3
RPS14	SNRPE
RPS14	SNX3
RPS14	SRSF7
RPS14	SSR4
RPS14	SURF1
RPS14	SYNGR2
RPS14	TMED10
RPS14	TMED5
RPS14	TMED9
RPS14	TMEM109
RPS14	TSN
RPS15A	RPS16
RPS15A	RPS18
RPS15A	RPS19
RPS15A	RPS2
RPS15A	RPS3
RPS15A	RPS4X
RPS15A	RPS6
RPS15A	RPS7
RPS15A	RPS8
RPS15A	RPS9
RPS15A	S100B
RPS15A	SAR1A
RPS15A	SEC22B
RPS15A	SEC61B
RPS15A	SKP1
RPS15A	SLC25A1
RPS15A	SNRPD1
RPS15A	SNRPD2
RPS15A	SNRPD3
RPS15A	SNRPE
RPS15A	SNX3
RPS15A	SRSF7
RPS15A	SSR4
RPS15A	SURF1
RPS15A	SYNGR2
RPS15A	TMED10
RPS15A	TMED5
RPS15A	TMED9
RPS15A	TMEM109
RPS15A	TSN
RPS15A	UFL1
RPS16	RPS18
RPS16	RPS19
RPS16	RPS2
RPS16	RPS3
RPS16	RPS4X
RPS16	RPS6
RPS16	RPS7
RPS16	RPS8
RPS16	RPS9
RPS16	S100B
RPS16	SAR1A
RPS16	SEC22B
RPS16	SEC61B
RPS16	SEPTIN7
RPS16	SKP1
RPS16	SLC25A1
RPS16	SNRPD1
RPS16	SNRPD2
RPS16	SNRPD3
RPS16	SNRPE
RPS16	SNX3
RPS16	SRSF7
RPS16	SSR4
RPS16	SURF1
RPS16	SYNGR2
RPS16	TMED10
RPS16	TMED5
RPS16	TMED9
RPS16	TMEM109
RPS16	TSN
RPS18	RPS19
RPS18	RPS2
RPS18	RPS3
RPS18	RPS4X
RPS18	RPS6
RPS18	RPS7
RPS18	RPS8
RPS18	RPS9
RPS18	S100B
RPS18	SAR1A
RPS18	SEC22B
RPS18	SEC61B
RPS18	SEPTIN7
RPS18	SKP1
RPS18	SLC25A1
RPS18	SNRPD1
RPS18	SNRPD2
RPS18	SNRPD3
RPS18	SNRPE
RPS18	SNX3
RPS18	SRSF7
RPS18	SSR4
RPS18	SURF1
RPS18	SYNGR2
RPS18	TMED10
RPS18	TMED5
RPS18	TMED9
RPS18	TMEM109
RPS18	TSN
RPS18	UFL1
RPS19	RPS2
RPS19	RPS3
RPS19	RPS4X
RPS19	RPS6
RPS19	RPS7
RPS19	RPS8
RPS19	RPS9
RPS19	S100B
RPS19	SAR1A
RPS19	SEC22B
RPS19	SEC61B
RPS19	SKP1
RPS19	SNRPD1
RPS19	SNRPD2
RPS19	SNRPD3
RPS19	SNRPE
RPS19	SNX3
RPS19	SRSF7
RPS19	SSR4
RPS19	SURF1
RPS19	TMEM109
RPS19	TSN
RPS2	RPS3
RPS2	RPS4X
RPS2	RPS6
RPS2	RPS7
RPS2	RPS8
RPS2	RPS9
RPS2	S100B
RPS2	SAR1A
RPS2	SEC22B
RPS2	SEC61B
RPS2	SKP1
RPS2	SLC25A1
RPS2	SNRPD1
RPS2	SNRPD2
RPS2	SNRPD3
RPS2	SNRPE
RPS2	SNX3
RPS2	SRSF7
RPS2	SSR4
RPS2	SURF1
RPS2	TMED10
RPS2	TMED5
RPS2	TMED9
RPS2	TMEM109
RPS2	TSN
RPS3	RPS4X
RPS3	RPS6
RPS3	RPS7
RPS3	RPS8
RPS3	RPS9
RPS3	S100B
RPS3	SEC61B
RPS3	SKP1
RPS3	SLC25A1
RPS3	SNRPD1
RPS3	SNRPD2
RPS3	SNRPD3
RPS3	SNRPE
RPS3	SNX3
RPS3	SRSF7
RPS3	SSR4
RPS3	TMED10
RPS3	TMEM109
RPS3	TSN
RPS4X	RPS6
RPS4X	RPS7
RPS4X	RPS8
RPS4X	RPS9
RPS4X	S100B
RPS4X	SAR1A
RPS4X	SEC22B
RPS4X	SEC61B
RPS4X	SKP1
RPS4X	SLC25A1
RPS4X	SNRPD1
RPS4X	SNRPD2
RPS4X	SNRPD3
RPS4X	SNRPE
RPS4X	SNX3
RPS4X	SRSF7
RPS4X	SSR4
RPS4X	SURF1
RPS4X	SYNGR2
RPS4X	TMED10
RPS4X	TMED5
RPS4X	TMED9
RPS4X	TMEM109
RPS4X	TSN
RPS4X	UFL1
RPS6	RPS7
RPS6	RPS8
RPS6	RPS9
RPS6	S100B
RPS6	SAR1A
RPS6	SEC22B
RPS6	SEC61B
RPS6	SKP1
RPS6	SLC25A1
RPS6	SNRPD1
RPS6	SNRPD2
RPS6	SNRPD3
RPS6	SNRPE
RPS6	SNX3
RPS6	SRSF7
RPS6	SSR4
RPS6	SURF1
RPS6	SYNGR2
RPS6	TMED10
RPS6	TMED9
RPS6	TMEM109
RPS6	TSN
RPS7	RPS8
RPS7	RPS9
RPS7	S100B
RPS7	SAR1A
RPS7	SEC22B
RPS7	SEC61B
RPS7	SKP1
RPS7	SLC25A1
RPS7	SNRPD1
RPS7	SNRPD2
RPS7	SNRPD3
RPS7	SNRPE
RPS7	SNX3
RPS7	SRSF7
RPS7	SSR4
RPS7	SURF1
RPS7	SYNGR2
RPS7	TMED10
RPS7	TMED5
RPS7	TMED9
RPS7	TMEM109
RPS7	TSN
RPS8	RPS9
RPS8	SAR1A
RPS8	SEC61B
RPS8	SKP1
RPS8	SLC25A1
RPS8	SNRPD1
RPS8	SNRPD2
RPS8	SNRPD3
RPS8	SNRPE
RPS8	SNX3
RPS8	SSR4
RPS8	SURF1
RPS8	TMED9
RPS8	TMEM109
RPS8	TSN
RPS9	SAR1A
RPS9	SEC22B
RPS9	SEC61B
RPS9	SKP1
RPS9	SNRPD1
RPS9	SNRPD2
RPS9	SNRPD3
RPS9	SNRPE
RPS9	SNX3
RPS9	SRSF7
RPS9	SSR4
RPS9	SURF1
RPS9	SYNGR2
RPS9	TMED9
RPS9	TMEM109
RPS9	TSN
S100B	SEC61B
S100B	SEPTIN7
S100B	SKP1
S100B	SLC25A1
S100B	SNRPD1
S100B	SNRPD2
S100B	SNRPD3
S100B	SNRPE
S100B	SNX3
S100B	SRSF7
S100B	SSR4
S100B	SYNGR2
S100B	TMED10
S100B	TMED5
S100B	TMED9
S100B	TMEM109
S100B	TSN
S100B	UFL1
SAR1A	SEC22B
SAR1A	SEC61B
SAR1A	SKP1
SAR1A	SNRPD1
SAR1A	SNRPD2
SAR1A	SNRPD3
SAR1A	SNRPE
SAR1A	SNX3
SAR1A	SRSF7
SAR1A	SURF1
SAR1A	SYNGR2
SAR1A	TMED9
SAR1A	TMEM109
SAR1A	TSN
SEC22B	SEC61B
SEC22B	SKP1
SEC22B	SNRPD1
SEC22B	SNRPD2
SEC22B	SNRPD3
SEC22B	SNRPE
SEC22B	SNX3
SEC22B	SRSF7
SEC22B	SURF1
SEC22B	SYNGR2
SEC22B	TMED9
SEC22B	TMEM109
SEC61B	SEPTIN7
SEC61B	SKP1
SEC61B	SLC25A1
SEC61B	SNRPD1
SEC61B	SNRPD2
SEC61B	SNRPD3
SEC61B	SNRPE
SEC61B	SNX3
SEC61B	SRSF7
SEC61B	SSR4
SEC61B	SURF1
SEC61B	SYNGR2
SEC61B	TMED10
SEC61B	TMED5
SEC61B	TMED9
SEC61B	TMEM109
SEC61B	TSN
SEC61B	UFL1
SEPTIN7	SKP1
SEPTIN7	SLC25A1
SEPTIN7	SNRPD1
SEPTIN7	SNRPD2
SEPTIN7	SNRPD3
SEPTIN7	SNRPE
SEPTIN7	SNX3
SEPTIN7	SSR4
SEPTIN7	SYNGR2
SEPTIN7	TMED10
SEPTIN7	TMED5
SEPTIN7	TMEM109
SEPTIN7	TSN
SKP1	SLC25A1
SKP1	SNRPD1
SKP1	SNRPD2
SKP1	SNRPD3
SKP1	SNRPE
SKP1	SNX3
SKP1	SRSF7
SKP1	SSR4
SKP1	SURF1
SKP1	SYNGR2
SKP1	TMED10
SKP1	TMED5
SKP1	TMED9
SKP1	TMEM109
SKP1	TSN
SKP1	UFL1
SLC25A1	SNRPD1
SLC25A1	SNRPD2
SLC25A1	SNRPD3
SLC25A1	SNRPE
SLC25A1	SNX3
SLC25A1	SRSF7
SLC25A1	SSR4
SLC25A1	SYNGR2
SLC25A1	TMED10
SLC25A1	TMED5
SLC25A1	TMED9
SLC25A1	TMEM109
SLC25A1	TSN
SLC25A1	UFL1
SNRPD1	SNRPD2
SNRPD1	SNRPD3
SNRPD1	SNRPE
SNRPD1	SNX3
SNRPD1	SRSF7
SNRPD1	SSR4
SNRPD1	SURF1
SNRPD1	SYNGR2
SNRPD1	TMED10
SNRPD1	TMED5
SNRPD1	TMED9
SNRPD1	TMEM109
SNRPD1	TSN
SNRPD1	UFL1
SNRPD2	SNRPD3
SNRPD2	SNRPE
SNRPD2	SNX3
SNRPD2	SRSF7
SNRPD2	SSR4
SNRPD2	SURF1
SNRPD2	SYNGR2
SNRPD2	TMED10
SNRPD2	TMED5
SNRPD2	TMED9
SNRPD2	TMEM109
SNRPD2	TSN
SNRPD3	SNRPE
SNRPD3	SNX3
SNRPD3	SRSF7
SNRPD3	SSR4
SNRPD3	SURF1
SNRPD3	SYNGR2
SNRPD3	TMED10
SNRPD3	TMED5
SNRPD3	TMED9
SNRPD3	TMEM109
SNRPD3	TSN
SNRPE	SNX3
SNRPE	SRSF7
SNRPE	SSR4
SNRPE	SURF1
SNRPE	SYNGR2
SNRPE	TMED10
SNRPE	TMED5
SNRPE	TMED9
SNRPE	TMEM109
SNRPE	TSN
SNX3	SRSF7
SNX3	SSR4
SNX3	SURF1
SNX3	SYNGR2
SNX3	TMED10
SNX3	TMED5
SNX3	TMED9
SNX3	TMEM109
SNX3	TSN
SNX3	UFL1
SRSF7	SSR4
SRSF7	SURF1
SRSF7	SYNGR2
SRSF7	TMED10
SRSF7	TMED5
SRSF7	TMED9
SRSF7	TMEM109
SRSF7	TSN
SSR4	SYNGR2
SSR4	TMED10
SSR4	TMED5
SSR4	TMED9
SSR4	TMEM109
SSR4	TSN
SSR4	UFL1
SURF1	SYNGR2
SURF1	TMED9
SURF1	TMEM109
SURF1	TSN
SYNGR2	TMED10
SYNGR2	TMED5
SYNGR2	TMED9
SYNGR2	TMEM109
SYNGR2	TSN
SYNGR2	UFL1
TMED10	TMED5
TMED10	TMED9
TMED10	TMEM109
TMED10	TSN
TMED10	UFL1
TMED5	TMED9
TMED5	TMEM109
TMED5	TSN
TMED9	TMEM109
TMED9	TSN
TMED9	UFL1
TMEM109	TSN
TSN	UFL1
